{"id":1,"type":"info","level":2,"name":"app","meta":{},"content":"\u001b[38;5;15;1mKoishi/4.18.11\u001b[0m","timestamp":1773911652476}
{"id":2,"type":"info","level":2,"name":"loader","meta":{"paths":[]},"content":"apply plugin \u001b[38;5;45mgroup:entry\u001b[0m","timestamp":1773911652505}
{"id":3,"type":"info","level":2,"name":"loader","meta":{"paths":[]},"content":"apply plugin \u001b[38;5;45mgroup:server\u001b[0m","timestamp":1773911652507}
{"id":4,"type":"info","level":2,"name":"loader","meta":{"paths":[]},"content":"apply plugin \u001b[38;5;45mserver:qwahpd\u001b[0m","timestamp":1773911652507}
{"id":5,"type":"info","level":2,"name":"loader","meta":{"paths":[]},"content":"apply plugin \u001b[38;5;45mgroup:basic\u001b[0m","timestamp":1773911653083}
{"id":6,"type":"info","level":2,"name":"loader","meta":{"paths":[]},"content":"apply plugin \u001b[38;5;45mcommands:q4pd8h\u001b[0m","timestamp":1773911653084}
{"id":7,"type":"info","level":2,"name":"loader","meta":{"paths":[]},"content":"apply plugin \u001b[38;5;45mhelp:ncm4eq\u001b[0m","timestamp":1773911653103}
{"id":8,"type":"info","level":2,"name":"loader","meta":{"paths":[]},"content":"apply plugin \u001b[38;5;45mhttp:jtb3z8\u001b[0m","timestamp":1773911653119}
{"id":9,"type":"info","level":2,"name":"loader","meta":{"paths":[]},"content":"apply plugin \u001b[38;5;45mlocales:hdsaoj\u001b[0m","timestamp":1773911653131}
{"id":10,"type":"info","level":2,"name":"loader","meta":{"paths":[]},"content":"apply plugin \u001b[38;5;45mproxy-agent:yp8plh\u001b[0m","timestamp":1773911653170}
{"id":11,"type":"info","level":2,"name":"loader","meta":{"paths":[]},"content":"apply plugin \u001b[38;5;45mrate-limit:8jburr\u001b[0m","timestamp":1773911653354}
{"id":12,"type":"info","level":2,"name":"loader","meta":{"paths":[]},"content":"apply plugin \u001b[38;5;45mtelemetry:3kqtr7\u001b[0m","timestamp":1773911653379}
{"id":13,"type":"info","level":2,"name":"loader","meta":{"paths":[]},"content":"apply plugin \u001b[38;5;45mgroup:console\u001b[0m","timestamp":1773911653457}
{"id":14,"type":"info","level":2,"name":"loader","meta":{"paths":[]},"content":"apply plugin \u001b[38;5;45mactions:u6i962\u001b[0m","timestamp":1773911653458}
{"id":15,"type":"info","level":2,"name":"loader","meta":{"paths":[]},"content":"apply plugin \u001b[38;5;45manalytics:2zoul1\u001b[0m","timestamp":1773911653474}
{"id":16,"type":"info","level":2,"name":"loader","meta":{"paths":[]},"content":"apply plugin \u001b[38;5;45mconfig:v8j4hz\u001b[0m","timestamp":1773911653497}
{"id":17,"type":"info","level":2,"name":"loader","meta":{"paths":[]},"content":"apply plugin \u001b[38;5;45mconsole:fyi3k1\u001b[0m","timestamp":1773911653615}
{"id":18,"type":"info","level":2,"name":"loader","meta":{"paths":[]},"content":"apply plugin \u001b[38;5;45mdataview:ip5q7k\u001b[0m","timestamp":1773911653660}
{"id":19,"type":"info","level":2,"name":"loader","meta":{"paths":[]},"content":"apply plugin \u001b[38;5;45mexplorer:id9max\u001b[0m","timestamp":1773911653694}
{"id":20,"type":"info","level":2,"name":"loader","meta":{"paths":[]},"content":"apply plugin \u001b[38;5;45mlogger:ykrpwv\u001b[0m","timestamp":1773911653751}
{"id":21,"type":"info","level":2,"name":"loader","meta":{"paths":[]},"content":"apply plugin \u001b[38;5;45minsight:w9xabz\u001b[0m","timestamp":1773911653783}
{"id":22,"type":"info","level":2,"name":"loader","meta":{"paths":[]},"content":"apply plugin \u001b[38;5;45mmarket:jamra7\u001b[0m","timestamp":1773911653805}
{"id":23,"type":"info","level":2,"name":"loader","meta":{"paths":[]},"content":"apply plugin \u001b[38;5;45mnotifier:h2b0ys\u001b[0m","timestamp":1773911653937}
{"id":24,"type":"info","level":2,"name":"loader","meta":{"paths":[]},"content":"apply plugin \u001b[38;5;45moobe:ctdb4p\u001b[0m","timestamp":1773911653954}
{"id":25,"type":"info","level":2,"name":"loader","meta":{"paths":[]},"content":"apply plugin \u001b[38;5;45msandbox:7xwb4h\u001b[0m","timestamp":1773911653972}
{"id":26,"type":"info","level":2,"name":"loader","meta":{"paths":[]},"content":"apply plugin \u001b[38;5;45mstatus:waqviw\u001b[0m","timestamp":1773911654003}
{"id":27,"type":"info","level":2,"name":"loader","meta":{"paths":[]},"content":"apply plugin \u001b[38;5;45mtheme-vanilla:t9fcu1\u001b[0m","timestamp":1773911654065}
{"id":28,"type":"info","level":2,"name":"loader","meta":{"paths":[]},"content":"apply plugin \u001b[38;5;45mgroup:storage\u001b[0m","timestamp":1773911654087}
{"id":29,"type":"info","level":2,"name":"loader","meta":{"paths":[]},"content":"apply plugin \u001b[38;5;45mdatabase-sqlite:00uj7j\u001b[0m","timestamp":1773911654088}
{"id":30,"type":"info","level":2,"name":"loader","meta":{"paths":[]},"content":"apply plugin \u001b[38;5;45massets-local:bteaiw\u001b[0m","timestamp":1773911654141}
{"id":31,"type":"info","level":2,"name":"loader","meta":{"paths":[]},"content":"apply plugin \u001b[38;5;45mgroup:adapter\u001b[0m","timestamp":1773911654184}
{"id":32,"type":"info","level":2,"name":"loader","meta":{"paths":[]},"content":"apply plugin \u001b[38;5;45mgroup:develop\u001b[0m","timestamp":1773911654185}
{"id":33,"type":"info","level":2,"name":"loader","meta":{"paths":[]},"content":"apply plugin \u001b[38;5;45mhmr:e8pbr7\u001b[0m","timestamp":1773911654185}
{"id":34,"type":"info","level":2,"name":"loader","meta":{"paths":[]},"content":"apply plugin \u001b[38;5;45madapter-iirose:m2atf0\u001b[0m","timestamp":1773911654285}
{"id":35,"type":"info","level":2,"name":"loader","meta":{"paths":[]},"content":"apply plugin \u001b[38;5;45mstock-monitor:05tvar\u001b[0m","timestamp":1773911654350}
{"id":36,"type":"info","level":2,"name":"assets","meta":{"paths":["bteaiw"]},"content":"missing config \"selfUrl\", fallback to \"file:\" scheme","timestamp":1773911654614}
{"id":37,"type":"info","level":2,"name":"stock-monitor","meta":{},"content":"插件已启动","timestamp":1773911654625}
{"id":38,"type":"info","level":2,"name":"stock-monitor","meta":{},"content":"API 地址: http://felinus.gnway.cc:8000/stock","timestamp":1773911654626}
{"id":39,"type":"info","level":2,"name":"server","meta":{"paths":["qwahpd"]},"content":"server listening at \u001b[38;5;57mhttp://127.0.0.1:5140\u001b[0m","timestamp":1773911654929}
{"id":54,"type":"info","level":2,"name":"console","meta":{"paths":["fyi3k1"]},"content":"webui is available at \u001b[38;5;166mhttp://127.0.0.1:5140\u001b[0m","timestamp":1773911656096}
{"id":55,"type":"info","level":2,"name":"adapter-iirose","meta":{"paths":["m2atf0"]},"content":"[69b3b31f61f35] 找到可用服务器: wss://m9.iirose.com:8778, 延迟: 1169ms","timestamp":1773911656367}
{"id":56,"type":"info","level":2,"name":"adapter-iirose","meta":{"paths":["m2atf0"]},"content":"[69b3b31f61f35] 正在登录中...","timestamp":1773911657372}
{"id":57,"type":"info","level":2,"name":"adapter-iirose","meta":{"paths":["m2atf0"]},"content":"[69b3b31f61f35] [69b3b31f61f35] 登陆成功：欢迎回来，小冰股票！","timestamp":1773911665198}
{"id":60,"type":"info","level":2,"name":"stock-monitor","meta":{},"content":"发送数据: { unitPrice: \u001b[33m0.4282\u001b[39m, totalStock: \u001b[33m1645\u001b[39m, personalStock: \u001b[33m0\u001b[39m, totalMoney: \u001b[33m704.3973\u001b[39m, personalMoney: \u001b[33m100\u001b[39m }","timestamp":1773911665559}
{"id":61,"type":"warn","level":2,"name":"stock-monitor","meta":{},"content":"发送失败 (尝试 1/1)","timestamp":1773911665776}
{"id":62,"type":"error","level":1,"name":"stock-monitor","meta":{},"content":"错误信息: HTTPError: Not Found at [cordis.invoke] \u001b[90m(E:\\Desktop\\test\\koishiBot\\koishiBot\\\u001b[39mnode_modules\\\u001b[4m@cordisjs\u001b[24m\\plugin-http\\lib\\index.cjs:340:23\u001b[90m)\u001b[39m \u001b[90m    at process.processTicksAndRejections (node:internal/process/task_queues:95:5)\u001b[39m at async Proxy.<anonymous> \u001b[90m(E:\\Desktop\\test\\koishiBot\\koishiBot\\\u001b[39mnode_modules\\\u001b[4m@cordisjs\u001b[24m\\plugin-http\\lib\\index.cjs:184:26\u001b[90m)\u001b[39m at sendStockData (e:\\Desktop\\test\\koishiBot\\koishiBot\\external\\iirosestock\\lib\\index.js:51:27) at <anonymous> (e:\\Desktop\\test\\koishiBot\\koishiBot\\external\\iirosestock\\lib\\index.js:94:9) { response: { data: { success: \u001b[33mfalse\u001b[39m, message: \u001b[32m'接口不存在'\u001b[39m }, url: \u001b[32m'http://felinus.gnway.cc:8000/stock'\u001b[39m, status: \u001b[33m404\u001b[39m, statusText: \u001b[32m'Not Found'\u001b[39m, headers: HeadersList { [\u001b[32mSymbol(headers map)\u001b[39m]: Map(8) { \u001b[32m'server'\u001b[39m => \u001b[32m'nginx/1.8.1'\u001b[39m, \u001b[32m'date'\u001b[39m => \u001b[32m'Thu, 19 Mar 2026 09:14:30 GMT'\u001b[39m, \u001b[32m'content-type'\u001b[39m => \u001b[32m'application/json; charset=utf-8'\u001b[39m, \u001b[32m'content-length'\u001b[39m => \u001b[32m'45'\u001b[39m, \u001b[32m'connection'\u001b[39m => \u001b[32m'keep-alive'\u001b[39m, \u001b[32m'x-powered-by'\u001b[39m => \u001b[32m'Express'\u001b[39m, \u001b[32m'access-control-allow-origin'\u001b[39m => \u001b[32m'*'\u001b[39m, \u001b[32m'etag'\u001b[39m => \u001b[32m'W/\"2d-VHnSYcQmPG9Y4Yc4YgJrZkeIJgc\"'\u001b[39m }, [\u001b[32mSymbol(headers map sorted)\u001b[39m]: \u001b[1mnull\u001b[22m } }, code: \u001b[90mundefined\u001b[39m, [\u001b[32mSymbol(cordis.http.error)\u001b[39m]: \u001b[33mtrue\u001b[39m }","timestamp":1773911665777}
{"id":63,"type":"error","level":1,"name":"stock-monitor","meta":{},"content":"发送失败，达到最大重试次数","timestamp":1773911665781}
{"id":71,"type":"info","level":2,"name":"stock-monitor","meta":{},"content":"发送数据: { unitPrice: \u001b[33m0.1243\u001b[39m, totalStock: \u001b[33m1645\u001b[39m, personalStock: \u001b[33m0\u001b[39m, totalMoney: \u001b[33m204.3973\u001b[39m, personalMoney: \u001b[33m100\u001b[39m }","timestamp":1773911704765}
{"id":72,"type":"warn","level":2,"name":"stock-monitor","meta":{},"content":"发送失败 (尝试 1/1)","timestamp":1773911704847}
{"id":73,"type":"error","level":1,"name":"stock-monitor","meta":{},"content":"错误信息: HTTPError: Not Found at [cordis.invoke] \u001b[90m(E:\\Desktop\\test\\koishiBot\\koishiBot\\\u001b[39mnode_modules\\\u001b[4m@cordisjs\u001b[24m\\plugin-http\\lib\\index.cjs:340:23\u001b[90m)\u001b[39m \u001b[90m    at process.processTicksAndRejections (node:internal/process/task_queues:95:5)\u001b[39m at async Proxy.<anonymous> \u001b[90m(E:\\Desktop\\test\\koishiBot\\koishiBot\\\u001b[39mnode_modules\\\u001b[4m@cordisjs\u001b[24m\\plugin-http\\lib\\index.cjs:184:26\u001b[90m)\u001b[39m at sendStockData (e:\\Desktop\\test\\koishiBot\\koishiBot\\external\\iirosestock\\lib\\index.js:51:27) at <anonymous> (e:\\Desktop\\test\\koishiBot\\koishiBot\\external\\iirosestock\\lib\\index.js:94:9) { response: { data: { success: \u001b[33mfalse\u001b[39m, message: \u001b[32m'接口不存在'\u001b[39m }, url: \u001b[32m'http://felinus.gnway.cc:8000/stock'\u001b[39m, status: \u001b[33m404\u001b[39m, statusText: \u001b[32m'Not Found'\u001b[39m, headers: HeadersList { [\u001b[32mSymbol(headers map)\u001b[39m]: Map(8) { \u001b[32m'server'\u001b[39m => \u001b[32m'nginx/1.8.1'\u001b[39m, \u001b[32m'date'\u001b[39m => \u001b[32m'Thu, 19 Mar 2026 09:15:09 GMT'\u001b[39m, \u001b[32m'content-type'\u001b[39m => \u001b[32m'application/json; charset=utf-8'\u001b[39m, \u001b[32m'content-length'\u001b[39m => \u001b[32m'45'\u001b[39m, \u001b[32m'connection'\u001b[39m => \u001b[32m'keep-alive'\u001b[39m, \u001b[32m'x-powered-by'\u001b[39m => \u001b[32m'Express'\u001b[39m, \u001b[32m'access-control-allow-origin'\u001b[39m => \u001b[32m'*'\u001b[39m, \u001b[32m'etag'\u001b[39m => \u001b[32m'W/\"2d-VHnSYcQmPG9Y4Yc4YgJrZkeIJgc\"'\u001b[39m }, [\u001b[32mSymbol(headers map sorted)\u001b[39m]: \u001b[1mnull\u001b[22m } }, code: \u001b[90mundefined\u001b[39m, [\u001b[32mSymbol(cordis.http.error)\u001b[39m]: \u001b[33mtrue\u001b[39m }","timestamp":1773911704847}
{"id":74,"type":"error","level":1,"name":"stock-monitor","meta":{},"content":"发送失败，达到最大重试次数","timestamp":1773911704849}
{"id":82,"type":"info","level":2,"name":"stock-monitor","meta":{},"content":"发送数据: { unitPrice: \u001b[33m0.0467\u001b[39m, totalStock: \u001b[33m4253\u001b[39m, personalStock: \u001b[33m0\u001b[39m, totalMoney: \u001b[33m198.451\u001b[39m, personalMoney: \u001b[33m100\u001b[39m }","timestamp":1773911824176}
{"id":83,"type":"warn","level":2,"name":"stock-monitor","meta":{},"content":"发送失败 (尝试 1/1)","timestamp":1773911824258}
{"id":84,"type":"error","level":1,"name":"stock-monitor","meta":{},"content":"错误信息: HTTPError: Not Found at [cordis.invoke] \u001b[90m(E:\\Desktop\\test\\koishiBot\\koishiBot\\\u001b[39mnode_modules\\\u001b[4m@cordisjs\u001b[24m\\plugin-http\\lib\\index.cjs:340:23\u001b[90m)\u001b[39m \u001b[90m    at process.processTicksAndRejections (node:internal/process/task_queues:95:5)\u001b[39m at async Proxy.<anonymous> \u001b[90m(E:\\Desktop\\test\\koishiBot\\koishiBot\\\u001b[39mnode_modules\\\u001b[4m@cordisjs\u001b[24m\\plugin-http\\lib\\index.cjs:184:26\u001b[90m)\u001b[39m at sendStockData (e:\\Desktop\\test\\koishiBot\\koishiBot\\external\\iirosestock\\lib\\index.js:51:27) at <anonymous> (e:\\Desktop\\test\\koishiBot\\koishiBot\\external\\iirosestock\\lib\\index.js:94:9) { response: { data: { success: \u001b[33mfalse\u001b[39m, message: \u001b[32m'接口不存在'\u001b[39m }, url: \u001b[32m'http://felinus.gnway.cc:8000/stock'\u001b[39m, status: \u001b[33m404\u001b[39m, statusText: \u001b[32m'Not Found'\u001b[39m, headers: HeadersList { [\u001b[32mSymbol(headers map)\u001b[39m]: Map(8) { \u001b[32m'server'\u001b[39m => \u001b[32m'nginx/1.8.1'\u001b[39m, \u001b[32m'date'\u001b[39m => \u001b[32m'Thu, 19 Mar 2026 09:17:09 GMT'\u001b[39m, \u001b[32m'content-type'\u001b[39m => \u001b[32m'application/json; charset=utf-8'\u001b[39m, \u001b[32m'content-length'\u001b[39m => \u001b[32m'45'\u001b[39m, \u001b[32m'connection'\u001b[39m => \u001b[32m'keep-alive'\u001b[39m, \u001b[32m'x-powered-by'\u001b[39m => \u001b[32m'Express'\u001b[39m, \u001b[32m'access-control-allow-origin'\u001b[39m => \u001b[32m'*'\u001b[39m, \u001b[32m'etag'\u001b[39m => \u001b[32m'W/\"2d-VHnSYcQmPG9Y4Yc4YgJrZkeIJgc\"'\u001b[39m }, [\u001b[32mSymbol(headers map sorted)\u001b[39m]: \u001b[1mnull\u001b[22m } }, code: \u001b[90mundefined\u001b[39m, [\u001b[32mSymbol(cordis.http.error)\u001b[39m]: \u001b[33mtrue\u001b[39m }","timestamp":1773911824258}
{"id":85,"type":"error","level":1,"name":"stock-monitor","meta":{},"content":"发送失败，达到最大重试次数","timestamp":1773911824260}
{"id":87,"type":"info","level":2,"name":"stock-monitor","meta":{},"content":"发送数据: { unitPrice: \u001b[33m0.2395\u001b[39m, totalStock: \u001b[33m4253\u001b[39m, personalStock: \u001b[33m0\u001b[39m, totalMoney: \u001b[33m1018.451\u001b[39m, personalMoney: \u001b[33m100\u001b[39m }","timestamp":1773911944797}
{"id":89,"type":"info","level":2,"name":"stock-monitor","meta":{},"content":"发送数据: { unitPrice: \u001b[33m0.5137\u001b[39m, totalStock: \u001b[33m2553\u001b[39m, personalStock: \u001b[33m0\u001b[39m, totalMoney: \u001b[33m1311.358\u001b[39m, personalMoney: \u001b[33m100\u001b[39m }","timestamp":1773912064296}
{"id":91,"type":"info","level":2,"name":"stock-monitor","meta":{},"content":"发送数据: { unitPrice: \u001b[33m0.5702\u001b[39m, totalStock: \u001b[33m2413\u001b[39m, personalStock: \u001b[33m0\u001b[39m, totalMoney: \u001b[33m1375.7855\u001b[39m, personalMoney: \u001b[33m100\u001b[39m }","timestamp":1773912186452}
{"id":93,"type":"info","level":2,"name":"stock-monitor","meta":{},"content":"发送数据: { unitPrice: \u001b[33m0.6361\u001b[39m, totalStock: \u001b[33m1669\u001b[39m, personalStock: \u001b[33m0\u001b[39m, totalMoney: \u001b[33m1061.5898\u001b[39m, personalMoney: \u001b[33m100\u001b[39m }","timestamp":1773912304892}
{"id":95,"type":"info","level":2,"name":"stock-monitor","meta":{},"content":"发送数据: { unitPrice: \u001b[33m0.4198\u001b[39m, totalStock: \u001b[33m1716\u001b[39m, personalStock: \u001b[33m0\u001b[39m, totalMoney: \u001b[33m720.3799\u001b[39m, personalMoney: \u001b[33m100\u001b[39m }","timestamp":1773912425740}
{"id":106,"type":"info","level":2,"name":"stock-monitor","meta":{},"content":"发送数据: { unitPrice: \u001b[33m0.0739\u001b[39m, totalStock: \u001b[33m1995\u001b[39m, personalStock: \u001b[33m0\u001b[39m, totalMoney: \u001b[33m147.5046\u001b[39m, personalMoney: \u001b[33m100\u001b[39m }","timestamp":1773912544740}
{"id":108,"type":"info","level":2,"name":"stock-monitor","meta":{},"content":"发送数据: { unitPrice: \u001b[33m1\u001b[39m, totalStock: \u001b[33m1000\u001b[39m, personalStock: \u001b[33m0\u001b[39m, totalMoney: \u001b[33m1000\u001b[39m, personalMoney: \u001b[33m100\u001b[39m }","timestamp":1773912665404}
{"id":110,"type":"info","level":2,"name":"stock-monitor","meta":{},"content":"发送数据: { unitPrice: \u001b[33m1.24\u001b[39m, totalStock: \u001b[33m1200\u001b[39m, personalStock: \u001b[33m0\u001b[39m, totalMoney: \u001b[33m1488\u001b[39m, personalMoney: \u001b[33m100\u001b[39m }","timestamp":1773912784930}
{"id":118,"type":"info","level":2,"name":"stock-monitor","meta":{},"content":"发送数据: { unitPrice: \u001b[33m1.5996\u001b[39m, totalStock: \u001b[33m1138\u001b[39m, personalStock: \u001b[33m0\u001b[39m, totalMoney: \u001b[33m1820.3448\u001b[39m, personalMoney: \u001b[33m100\u001b[39m }","timestamp":1773912905370}
{"id":123,"type":"info","level":2,"name":"stock-monitor","meta":{},"content":"发送数据: { unitPrice: \u001b[33m2.7673\u001b[39m, totalStock: \u001b[33m1457\u001b[39m, personalStock: \u001b[33m0\u001b[39m, totalMoney: \u001b[33m4031.9678\u001b[39m, personalMoney: \u001b[33m100\u001b[39m }","timestamp":1773913025309}
{"id":125,"type":"info","level":2,"name":"stock-monitor","meta":{},"content":"发送数据: { unitPrice: \u001b[33m1.0516\u001b[39m, totalStock: \u001b[33m1072\u001b[39m, personalStock: \u001b[33m0\u001b[39m, totalMoney: \u001b[33m1127.2906\u001b[39m, personalMoney: \u001b[33m100\u001b[39m }","timestamp":1773913147753}
{"id":136,"type":"info","level":2,"name":"stock-monitor","meta":{},"content":"发送数据: { unitPrice: \u001b[33m1.2619\u001b[39m, totalStock: \u001b[33m1212\u001b[39m, personalStock: \u001b[33m0\u001b[39m, totalMoney: \u001b[33m1529.4136\u001b[39m, personalMoney: \u001b[33m100\u001b[39m }","timestamp":1773913266311}
{"id":138,"type":"info","level":2,"name":"stock-monitor","meta":{},"content":"发送数据: { unitPrice: \u001b[33m1.1988\u001b[39m, totalStock: \u001b[33m1066\u001b[39m, personalStock: \u001b[33m0\u001b[39m, totalMoney: \u001b[33m1277.9185\u001b[39m, personalMoney: \u001b[33m100\u001b[39m }","timestamp":1773913387135}
{"id":140,"type":"info","level":2,"name":"stock-monitor","meta":{},"content":"发送数据: { unitPrice: \u001b[33m0.6833\u001b[39m, totalStock: \u001b[33m1051\u001b[39m, personalStock: \u001b[33m0\u001b[39m, totalMoney: \u001b[33m718.1638\u001b[39m, personalMoney: \u001b[33m100\u001b[39m }","timestamp":1773913506054}
{"id":142,"type":"info","level":2,"name":"stock-monitor","meta":{},"content":"发送数据: { unitPrice: \u001b[33m0.5169\u001b[39m, totalStock: \u001b[33m1442\u001b[39m, personalStock: \u001b[33m0\u001b[39m, totalMoney: \u001b[33m745.3399\u001b[39m, personalMoney: \u001b[33m100\u001b[39m }","timestamp":1773913625905}
{"id":144,"type":"info","level":2,"name":"stock-monitor","meta":{},"content":"发送数据: { unitPrice: \u001b[33m0.4032\u001b[39m, totalStock: \u001b[33m3161\u001b[39m, personalStock: \u001b[33m0\u001b[39m, totalMoney: \u001b[33m1274.4072\u001b[39m, personalMoney: \u001b[33m100\u001b[39m }","timestamp":1773913746137}
{"id":146,"type":"info","level":2,"name":"stock-monitor","meta":{},"content":"发送数据: { unitPrice: \u001b[33m0.0524\u001b[39m, totalStock: \u001b[33m6004\u001b[39m, personalStock: \u001b[33m0\u001b[39m, totalMoney: \u001b[33m314.679\u001b[39m, personalMoney: \u001b[33m100\u001b[39m }","timestamp":1773913865950}
{"id":148,"type":"info","level":2,"name":"stock-monitor","meta":{},"content":"发送数据: { unitPrice: \u001b[33m1\u001b[39m, totalStock: \u001b[33m1000\u001b[39m, personalStock: \u001b[33m0\u001b[39m, totalMoney: \u001b[33m1000\u001b[39m, personalMoney: \u001b[33m100\u001b[39m }","timestamp":1773913986652}
{"id":150,"type":"info","level":2,"name":"stock-monitor","meta":{},"content":"发送数据: { unitPrice: \u001b[33m0.43\u001b[39m, totalStock: \u001b[33m1244\u001b[39m, personalStock: \u001b[33m0\u001b[39m, totalMoney: \u001b[33m534.92\u001b[39m, personalMoney: \u001b[33m100\u001b[39m }","timestamp":1773914106545}
{"id":152,"type":"info","level":2,"name":"stock-monitor","meta":{},"content":"发送数据: { unitPrice: \u001b[33m0.7353\u001b[39m, totalStock: \u001b[33m2382\u001b[39m, personalStock: \u001b[33m0\u001b[39m, totalMoney: \u001b[33m1751.4846\u001b[39m, personalMoney: \u001b[33m100\u001b[39m }","timestamp":1773914226668}
{"id":154,"type":"info","level":2,"name":"stock-monitor","meta":{},"content":"发送数据: { unitPrice: \u001b[33m0.8766\u001b[39m, totalStock: \u001b[33m1274\u001b[39m, personalStock: \u001b[33m0\u001b[39m, totalMoney: \u001b[33m1116.7722\u001b[39m, personalMoney: \u001b[33m100\u001b[39m }","timestamp":1773914347207}
{"id":166,"type":"info","level":2,"name":"stock-monitor","meta":{},"content":"发送数据: { unitPrice: \u001b[33m0.5961\u001b[39m, totalStock: \u001b[33m1794\u001b[39m, personalStock: \u001b[33m0\u001b[39m, totalMoney: \u001b[33m1069.3664\u001b[39m, personalMoney: \u001b[33m100\u001b[39m }","timestamp":1773914466673}
{"id":168,"type":"info","level":2,"name":"stock-monitor","meta":{},"content":"发送数据: { unitPrice: \u001b[33m0.2444\u001b[39m, totalStock: \u001b[33m3933\u001b[39m, personalStock: \u001b[33m0\u001b[39m, totalMoney: \u001b[33m961.1958\u001b[39m, personalMoney: \u001b[33m100\u001b[39m }","timestamp":1773914586998}
{"id":170,"type":"info","level":2,"name":"stock-monitor","meta":{},"content":"发送数据: { unitPrice: \u001b[33m0.4815\u001b[39m, totalStock: \u001b[33m6085\u001b[39m, personalStock: \u001b[33m0\u001b[39m, totalMoney: \u001b[33m2929.6433\u001b[39m, personalMoney: \u001b[33m100\u001b[39m }","timestamp":1773914707393}
{"id":172,"type":"info","level":2,"name":"stock-monitor","meta":{},"content":"发送数据: { unitPrice: \u001b[33m0.8474\u001b[39m, totalStock: \u001b[33m4886\u001b[39m, personalStock: \u001b[33m0\u001b[39m, totalMoney: \u001b[33m4140.1902\u001b[39m, personalMoney: \u001b[33m100\u001b[39m }","timestamp":1773914829566}
{"id":174,"type":"info","level":2,"name":"stock-monitor","meta":{},"content":"发送数据: { unitPrice: \u001b[33m1.2371\u001b[39m, totalStock: \u001b[33m1468\u001b[39m, personalStock: \u001b[33m0\u001b[39m, totalMoney: \u001b[33m1816.125\u001b[39m, personalMoney: \u001b[33m100\u001b[39m }","timestamp":1773914948859}
{"id":176,"type":"info","level":2,"name":"stock-monitor","meta":{},"content":"发送数据: { unitPrice: \u001b[33m2.0908\u001b[39m, totalStock: \u001b[33m1444\u001b[39m, personalStock: \u001b[33m0\u001b[39m, totalMoney: \u001b[33m3019.0728\u001b[39m, personalMoney: \u001b[33m100\u001b[39m }","timestamp":1773915068684}
{"id":178,"type":"info","level":2,"name":"stock-monitor","meta":{},"content":"发送数据: { unitPrice: \u001b[33m2.6971\u001b[39m, totalStock: \u001b[33m1246\u001b[39m, personalStock: \u001b[33m0\u001b[39m, totalMoney: \u001b[33m3360.5793\u001b[39m, personalMoney: \u001b[33m100\u001b[39m }","timestamp":1773915229051}
{"id":180,"type":"info","level":2,"name":"stock-monitor","meta":{},"content":"发送数据: { unitPrice: \u001b[33m1.5913\u001b[39m, totalStock: \u001b[33m1229\u001b[39m, personalStock: \u001b[33m0\u001b[39m, totalMoney: \u001b[33m1955.6899\u001b[39m, personalMoney: \u001b[33m100\u001b[39m }","timestamp":1773915313692}
{"id":192,"type":"info","level":2,"name":"stock-monitor","meta":{},"content":"发送数据: { unitPrice: \u001b[33m0.4615\u001b[39m, totalStock: \u001b[33m1186\u001b[39m, personalStock: \u001b[33m0\u001b[39m, totalMoney: \u001b[33m547.3067\u001b[39m, personalMoney: \u001b[33m100\u001b[39m }","timestamp":1773915429043}
{"id":194,"type":"info","level":2,"name":"stock-monitor","meta":{},"content":"发送数据: { unitPrice: \u001b[33m0.522\u001b[39m, totalStock: \u001b[33m1984\u001b[39m, personalStock: \u001b[33m0\u001b[39m, totalMoney: \u001b[33m1035.562\u001b[39m, personalMoney: \u001b[33m100\u001b[39m }","timestamp":1773915549018}
{"id":196,"type":"info","level":2,"name":"stock-monitor","meta":{},"content":"发送数据: { unitPrice: \u001b[33m0.8542\u001b[39m, totalStock: \u001b[33m1264\u001b[39m, personalStock: \u001b[33m0\u001b[39m, totalMoney: \u001b[33m1079.7532\u001b[39m, personalMoney: \u001b[33m100\u001b[39m }","timestamp":1773915669133}
{"id":198,"type":"info","level":2,"name":"stock-monitor","meta":{},"content":"发送数据: { unitPrice: \u001b[33m1.0165\u001b[39m, totalStock: \u001b[33m1484\u001b[39m, personalStock: \u001b[33m0\u001b[39m, totalMoney: \u001b[33m1508.5451\u001b[39m, personalMoney: \u001b[33m100\u001b[39m }","timestamp":1773915789003}
{"id":200,"type":"info","level":2,"name":"stock-monitor","meta":{},"content":"发送数据: { unitPrice: \u001b[33m0.8539\u001b[39m, totalStock: \u001b[33m1769\u001b[39m, personalStock: \u001b[33m0\u001b[39m, totalMoney: \u001b[33m1510.5375\u001b[39m, personalMoney: \u001b[33m100\u001b[39m }","timestamp":1773915909630}
{"id":202,"type":"info","level":2,"name":"stock-monitor","meta":{},"content":"发送数据: { unitPrice: \u001b[33m0.2391\u001b[39m, totalStock: \u001b[33m1940\u001b[39m, personalStock: \u001b[33m0\u001b[39m, totalMoney: \u001b[33m463.8349\u001b[39m, personalMoney: \u001b[33m100\u001b[39m }","timestamp":1773916030238}
{"id":204,"type":"info","level":2,"name":"stock-monitor","meta":{},"content":"发送数据: { unitPrice: \u001b[33m0.1315\u001b[39m, totalStock: \u001b[33m6657\u001b[39m, personalStock: \u001b[33m0\u001b[39m, totalMoney: \u001b[33m875.3928\u001b[39m, personalMoney: \u001b[33m100\u001b[39m }","timestamp":1773916150321}
{"id":206,"type":"info","level":2,"name":"stock-monitor","meta":{},"content":"发送数据: { unitPrice: \u001b[33m0.0986\u001b[39m, totalStock: \u001b[33m16450\u001b[39m, personalStock: \u001b[33m0\u001b[39m, totalMoney: \u001b[33m1622.3762\u001b[39m, personalMoney: \u001b[33m100\u001b[39m }","timestamp":1773916270745}
{"id":208,"type":"info","level":2,"name":"stock-monitor","meta":{},"content":"发送数据: { unitPrice: \u001b[33m0.1539\u001b[39m, totalStock: \u001b[33m16450\u001b[39m, personalStock: \u001b[33m0\u001b[39m, totalMoney: \u001b[33m2530.9069\u001b[39m, personalMoney: \u001b[33m100\u001b[39m }","timestamp":1773916390338}
{"id":210,"type":"info","level":2,"name":"stock-monitor","meta":{},"content":"发送数据: { unitPrice: \u001b[33m0.4828\u001b[39m, totalStock: \u001b[33m2523\u001b[39m, personalStock: \u001b[33m0\u001b[39m, totalMoney: \u001b[33m1218.175\u001b[39m, personalMoney: \u001b[33m100\u001b[39m }","timestamp":1773916510757}
{"id":212,"type":"info","level":2,"name":"stock-monitor","meta":{},"content":"发送数据: { unitPrice: \u001b[33m0.7725\u001b[39m, totalStock: \u001b[33m2343\u001b[39m, personalStock: \u001b[33m0\u001b[39m, totalMoney: \u001b[33m1810.0255\u001b[39m, personalMoney: \u001b[33m100\u001b[39m }","timestamp":1773916631826}
{"id":214,"type":"info","level":2,"name":"stock-monitor","meta":{},"content":"发送数据: { unitPrice: \u001b[33m0.8233\u001b[39m, totalStock: \u001b[33m1182\u001b[39m, personalStock: \u001b[33m0\u001b[39m, totalMoney: \u001b[33m973.1243\u001b[39m, personalMoney: \u001b[33m100\u001b[39m }","timestamp":1773916750667}
{"id":216,"type":"info","level":2,"name":"stock-monitor","meta":{},"content":"发送数据: { unitPrice: \u001b[33m1\u001b[39m, totalStock: \u001b[33m1000\u001b[39m, personalStock: \u001b[33m0\u001b[39m, totalMoney: \u001b[33m1000\u001b[39m, personalMoney: \u001b[33m100\u001b[39m }","timestamp":1773916870521}
{"id":218,"type":"info","level":2,"name":"stock-monitor","meta":{},"content":"发送数据: { unitPrice: \u001b[33m0.89\u001b[39m, totalStock: \u001b[33m1140\u001b[39m, personalStock: \u001b[33m0\u001b[39m, totalMoney: \u001b[33m1014.6\u001b[39m, personalMoney: \u001b[33m100\u001b[39m }","timestamp":1773916992526}
{"id":220,"type":"info","level":2,"name":"stock-monitor","meta":{},"content":"发送数据: { unitPrice: \u001b[33m1.2104\u001b[39m, totalStock: \u001b[33m1240\u001b[39m, personalStock: \u001b[33m0\u001b[39m, totalMoney: \u001b[33m1500.896\u001b[39m, personalMoney: \u001b[33m100\u001b[39m }","timestamp":1773917112345}
{"id":222,"type":"info","level":2,"name":"stock-monitor","meta":{},"content":"发送数据: { unitPrice: \u001b[33m1.513\u001b[39m, totalStock: \u001b[33m1015\u001b[39m, personalStock: \u001b[33m0\u001b[39m, totalMoney: \u001b[33m1535.695\u001b[39m, personalMoney: \u001b[33m100\u001b[39m }","timestamp":1773917230793}
{"id":224,"type":"info","level":2,"name":"stock-monitor","meta":{},"content":"发送数据: { unitPrice: \u001b[33m1.861\u001b[39m, totalStock: \u001b[33m1008\u001b[39m, personalStock: \u001b[33m0\u001b[39m, totalMoney: \u001b[33m1875.8779\u001b[39m, personalMoney: \u001b[33m100\u001b[39m }","timestamp":1773917351077}
{"id":226,"type":"info","level":2,"name":"stock-monitor","meta":{},"content":"发送数据: { unitPrice: \u001b[33m1.954\u001b[39m, totalStock: \u001b[33m1307\u001b[39m, personalStock: \u001b[33m0\u001b[39m, totalMoney: \u001b[33m2553.9296\u001b[39m, personalMoney: \u001b[33m100\u001b[39m }","timestamp":1773917472244}
{"id":228,"type":"info","level":2,"name":"stock-monitor","meta":{},"content":"发送数据: { unitPrice: \u001b[33m3.5954\u001b[39m, totalStock: \u001b[33m1038\u001b[39m, personalStock: \u001b[33m0\u001b[39m, totalMoney: \u001b[33m3732.0591\u001b[39m, personalMoney: \u001b[33m100\u001b[39m }","timestamp":1773917597983}
{"id":230,"type":"info","level":2,"name":"stock-monitor","meta":{},"content":"发送数据: { unitPrice: \u001b[33m6.3999\u001b[39m, totalStock: \u001b[33m1001\u001b[39m, personalStock: \u001b[33m0\u001b[39m, totalMoney: \u001b[33m6406.27\u001b[39m, personalMoney: \u001b[33m100\u001b[39m }","timestamp":1773917717037}
{"id":232,"type":"info","level":2,"name":"stock-monitor","meta":{},"content":"发送数据: { unitPrice: \u001b[33m10.8158\u001b[39m, totalStock: \u001b[33m1010\u001b[39m, personalStock: \u001b[33m0\u001b[39m, totalMoney: \u001b[33m10923.9384\u001b[39m, personalMoney: \u001b[33m100\u001b[39m }","timestamp":1773917836060}
{"id":234,"type":"info","level":2,"name":"stock-monitor","meta":{},"content":"发送数据: { unitPrice: \u001b[33m19.3602\u001b[39m, totalStock: \u001b[33m1012\u001b[39m, personalStock: \u001b[33m0\u001b[39m, totalMoney: \u001b[33m19592.5702\u001b[39m, personalMoney: \u001b[33m100\u001b[39m }","timestamp":1773917957308}
{"id":236,"type":"info","level":2,"name":"stock-monitor","meta":{},"content":"发送数据: { unitPrice: \u001b[33m9.4865\u001b[39m, totalStock: \u001b[33m1003\u001b[39m, personalStock: \u001b[33m0\u001b[39m, totalMoney: \u001b[33m9514.9807\u001b[39m, personalMoney: \u001b[33m100\u001b[39m }","timestamp":1773918077135}
{"id":238,"type":"info","level":2,"name":"stock-monitor","meta":{},"content":"发送数据: { unitPrice: \u001b[33m3.1306\u001b[39m, totalStock: \u001b[33m1076\u001b[39m, personalStock: \u001b[33m0\u001b[39m, totalMoney: \u001b[33m3368.4739\u001b[39m, personalMoney: \u001b[33m100\u001b[39m }","timestamp":1773918196688}
{"id":240,"type":"info","level":2,"name":"stock-monitor","meta":{},"content":"发送数据: { unitPrice: \u001b[33m6.1672\u001b[39m, totalStock: \u001b[33m1430\u001b[39m, personalStock: \u001b[33m0\u001b[39m, totalMoney: \u001b[33m8819.078\u001b[39m, personalMoney: \u001b[33m100\u001b[39m }","timestamp":1773918317245}
{"id":249,"type":"info","level":2,"name":"stock-monitor","meta":{},"content":"发送数据: { unitPrice: \u001b[33m4.6871\u001b[39m, totalStock: \u001b[33m1554\u001b[39m, personalStock: \u001b[33m0\u001b[39m, totalMoney: \u001b[33m7283.695\u001b[39m, personalMoney: \u001b[33m100\u001b[39m }","timestamp":1773918436421}
{"id":260,"type":"info","level":2,"name":"stock-monitor","meta":{},"content":"发送数据: { unitPrice: \u001b[33m4.6871\u001b[39m, totalStock: \u001b[33m1331\u001b[39m, personalStock: \u001b[33m0\u001b[39m, totalMoney: \u001b[33m6238.4801\u001b[39m, personalMoney: \u001b[33m100\u001b[39m }","timestamp":1773918557209}
{"id":262,"type":"info","level":2,"name":"stock-monitor","meta":{},"content":"发送数据: { unitPrice: \u001b[33m4.0777\u001b[39m, totalStock: \u001b[33m1462\u001b[39m, personalStock: \u001b[33m0\u001b[39m, totalMoney: \u001b[33m5961.6622\u001b[39m, personalMoney: \u001b[33m100\u001b[39m }","timestamp":1773918676932}
{"id":264,"type":"info","level":2,"name":"stock-monitor","meta":{},"content":"发送数据: { unitPrice: \u001b[33m8.1147\u001b[39m, totalStock: \u001b[33m2381\u001b[39m, personalStock: \u001b[33m0\u001b[39m, totalMoney: \u001b[33m19321.1273\u001b[39m, personalMoney: \u001b[33m100\u001b[39m }","timestamp":1773918798248}
{"id":266,"type":"info","level":2,"name":"stock-monitor","meta":{},"content":"发送数据: { unitPrice: \u001b[33m15.4991\u001b[39m, totalStock: \u001b[33m1375\u001b[39m, personalStock: \u001b[33m0\u001b[39m, totalMoney: \u001b[33m21311.2602\u001b[39m, personalMoney: \u001b[33m100\u001b[39m }","timestamp":1773918917581}
{"id":268,"type":"info","level":2,"name":"stock-monitor","meta":{},"content":"发送数据: { unitPrice: \u001b[33m30.5332\u001b[39m, totalStock: \u001b[33m1765\u001b[39m, personalStock: \u001b[33m0\u001b[39m, totalMoney: \u001b[33m53891.1399\u001b[39m, personalMoney: \u001b[33m100\u001b[39m }","timestamp":1773919041003}
{"id":270,"type":"info","level":2,"name":"stock-monitor","meta":{},"content":"发送数据: { unitPrice: \u001b[33m21.3733\u001b[39m, totalStock: \u001b[33m1095\u001b[39m, personalStock: \u001b[33m0\u001b[39m, totalMoney: \u001b[33m23403.716\u001b[39m, personalMoney: \u001b[33m100\u001b[39m }","timestamp":1773919159017}
{"id":272,"type":"info","level":2,"name":"stock-monitor","meta":{},"content":"发送数据: { unitPrice: \u001b[33m13.6789\u001b[39m, totalStock: \u001b[33m1018\u001b[39m, personalStock: \u001b[33m0\u001b[39m, totalMoney: \u001b[33m13925.1042\u001b[39m, personalMoney: \u001b[33m100\u001b[39m }","timestamp":1773919277209}
{"id":274,"type":"info","level":2,"name":"stock-monitor","meta":{},"content":"发送数据: { unitPrice: \u001b[33m12.4478\u001b[39m, totalStock: \u001b[33m1113\u001b[39m, personalStock: \u001b[33m0\u001b[39m, totalMoney: \u001b[33m13854.3843\u001b[39m, personalMoney: \u001b[33m100\u001b[39m }","timestamp":1773919398202}
{"id":275,"type":"info","level":2,"name":"stock-monitor","meta":{},"content":"发送数据: { unitPrice: \u001b[33m12.4478\u001b[39m, totalStock: \u001b[33m1159\u001b[39m, personalStock: \u001b[33m0\u001b[39m, totalMoney: \u001b[33m14426.9824\u001b[39m, personalMoney: \u001b[33m100\u001b[39m }","timestamp":1773919509828}
{"id":277,"type":"info","level":2,"name":"stock-monitor","meta":{},"content":"发送数据: { unitPrice: \u001b[33m3.9833\u001b[39m, totalStock: \u001b[33m1158\u001b[39m, personalStock: \u001b[33m0\u001b[39m, totalMoney: \u001b[33m4612.6511\u001b[39m, personalMoney: \u001b[33m100\u001b[39m }","timestamp":1773919516975}
{"id":279,"type":"info","level":2,"name":"stock-monitor","meta":{},"content":"发送数据: { unitPrice: \u001b[33m6.3733\u001b[39m, totalStock: \u001b[33m1365\u001b[39m, personalStock: \u001b[33m0\u001b[39m, totalMoney: \u001b[33m8699.5077\u001b[39m, personalMoney: \u001b[33m100\u001b[39m }","timestamp":1773919637765}
{"id":281,"type":"info","level":2,"name":"stock-monitor","meta":{},"content":"发送数据: { unitPrice: \u001b[33m5.2898\u001b[39m, totalStock: \u001b[33m1597\u001b[39m, personalStock: \u001b[33m0\u001b[39m, totalMoney: \u001b[33m8447.8275\u001b[39m, personalMoney: \u001b[33m100\u001b[39m }","timestamp":1773919758521}
{"id":283,"type":"info","level":2,"name":"stock-monitor","meta":{},"content":"发送数据: { unitPrice: \u001b[33m7.776\u001b[39m, totalStock: \u001b[33m1673\u001b[39m, personalStock: \u001b[33m0\u001b[39m, totalMoney: \u001b[33m13009.284\u001b[39m, personalMoney: \u001b[33m100\u001b[39m }","timestamp":1773919880599}
{"id":285,"type":"info","level":2,"name":"stock-monitor","meta":{},"content":"发送数据: { unitPrice: \u001b[33m13.7636\u001b[39m, totalStock: \u001b[33m1200\u001b[39m, personalStock: \u001b[33m0\u001b[39m, totalMoney: \u001b[33m16516.2697\u001b[39m, personalMoney: \u001b[33m100\u001b[39m }","timestamp":1773919998643}
{"id":287,"type":"info","level":2,"name":"stock-monitor","meta":{},"content":"发送数据: { unitPrice: \u001b[33m0.5505\u001b[39m, totalStock: \u001b[33m1544\u001b[39m, personalStock: \u001b[33m0\u001b[39m, totalMoney: \u001b[33m850.0373\u001b[39m, personalMoney: \u001b[33m100\u001b[39m }","timestamp":1773920118526}
{"id":289,"type":"info","level":2,"name":"stock-monitor","meta":{},"content":"发送数据: { unitPrice: \u001b[33m0.3799\u001b[39m, totalStock: \u001b[33m3634\u001b[39m, personalStock: \u001b[33m0\u001b[39m, totalMoney: \u001b[33m1380.4629\u001b[39m, personalMoney: \u001b[33m100\u001b[39m }","timestamp":1773920237996}
{"id":291,"type":"info","level":2,"name":"stock-monitor","meta":{},"content":"发送数据: { unitPrice: \u001b[33m0.3875\u001b[39m, totalStock: \u001b[33m5273\u001b[39m, personalStock: \u001b[33m0\u001b[39m, totalMoney: \u001b[33m2043.1382\u001b[39m, personalMoney: \u001b[33m100\u001b[39m }","timestamp":1773920359949}
{"id":293,"type":"info","level":2,"name":"stock-monitor","meta":{},"content":"发送数据: { unitPrice: \u001b[33m0.6742\u001b[39m, totalStock: \u001b[33m5164\u001b[39m, personalStock: \u001b[33m0\u001b[39m, totalMoney: \u001b[33m3481.5726\u001b[39m, personalMoney: \u001b[33m100\u001b[39m }","timestamp":1773920478749}
{"id":295,"type":"info","level":2,"name":"stock-monitor","meta":{},"content":"发送数据: { unitPrice: \u001b[33m0.7214\u001b[39m, totalStock: \u001b[33m3736\u001b[39m, personalStock: \u001b[33m0\u001b[39m, totalMoney: \u001b[33m2695.1309\u001b[39m, personalMoney: \u001b[33m100\u001b[39m }","timestamp":1773920598382}
{"id":297,"type":"info","level":2,"name":"stock-monitor","meta":{},"content":"发送数据: { unitPrice: \u001b[33m0.404\u001b[39m, totalStock: \u001b[33m2340\u001b[39m, personalStock: \u001b[33m0\u001b[39m, totalMoney: \u001b[33m945.3157\u001b[39m, personalMoney: \u001b[33m100\u001b[39m }","timestamp":1773920720267}
{"id":299,"type":"info","level":2,"name":"stock-monitor","meta":{},"content":"发送数据: { unitPrice: \u001b[33m0.4444\u001b[39m, totalStock: \u001b[33m3084\u001b[39m, personalStock: \u001b[33m0\u001b[39m, totalMoney: \u001b[33m1370.4654\u001b[39m, personalMoney: \u001b[33m100\u001b[39m }","timestamp":1773920838544}
{"id":326,"type":"info","level":2,"name":"stock-monitor","meta":{},"content":"发送数据: { unitPrice: \u001b[33m0.4755\u001b[39m, totalStock: \u001b[33m4496\u001b[39m, personalStock: \u001b[33m0\u001b[39m, totalMoney: \u001b[33m2137.7839\u001b[39m, personalMoney: \u001b[33m100\u001b[39m }","timestamp":1773920960151}
{"id":337,"type":"info","level":2,"name":"stock-monitor","meta":{},"content":"发送数据: { unitPrice: \u001b[33m1\u001b[39m, totalStock: \u001b[33m1000\u001b[39m, personalStock: \u001b[33m0\u001b[39m, totalMoney: \u001b[33m1000\u001b[39m, personalMoney: \u001b[33m100\u001b[39m }","timestamp":1773921078981}
{"id":341,"type":"info","level":2,"name":"stock-monitor","meta":{},"content":"发送数据: { unitPrice: \u001b[33m1\u001b[39m, totalStock: \u001b[33m1120\u001b[39m, personalStock: \u001b[33m0\u001b[39m, totalMoney: \u001b[33m1120\u001b[39m, personalMoney: \u001b[33m100\u001b[39m }","timestamp":1773921159023}
{"id":343,"type":"info","level":2,"name":"stock-monitor","meta":{},"content":"发送数据: { unitPrice: \u001b[33m1.83\u001b[39m, totalStock: \u001b[33m1123\u001b[39m, personalStock: \u001b[33m0\u001b[39m, totalMoney: \u001b[33m2055.09\u001b[39m, personalMoney: \u001b[33m100\u001b[39m }","timestamp":1773921199706}
{"id":345,"type":"info","level":2,"name":"stock-monitor","meta":{},"content":"发送数据: { unitPrice: \u001b[33m3.4038\u001b[39m, totalStock: \u001b[33m2143\u001b[39m, personalStock: \u001b[33m0\u001b[39m, totalMoney: \u001b[33m7294.3434\u001b[39m, personalMoney: \u001b[33m100\u001b[39m }","timestamp":1773921320828}
{"id":347,"type":"info","level":2,"name":"stock-monitor","meta":{},"content":"发送数据: { unitPrice: \u001b[33m4.5271\u001b[39m, totalStock: \u001b[33m1541\u001b[39m, personalStock: \u001b[33m0\u001b[39m, totalMoney: \u001b[33m6976.1902\u001b[39m, personalMoney: \u001b[33m100\u001b[39m }","timestamp":1773921439844}
{"id":349,"type":"info","level":2,"name":"stock-monitor","meta":{},"content":"发送数据: { unitPrice: \u001b[33m6.2926\u001b[39m, totalStock: \u001b[33m1104\u001b[39m, personalStock: \u001b[33m0\u001b[39m, totalMoney: \u001b[33m6947.036\u001b[39m, personalMoney: \u001b[33m100\u001b[39m }","timestamp":1773921561460}
{"id":351,"type":"info","level":2,"name":"stock-monitor","meta":{},"content":"发送数据: { unitPrice: \u001b[33m1.5732\u001b[39m, totalStock: \u001b[33m1142\u001b[39m, personalStock: \u001b[33m0\u001b[39m, totalMoney: \u001b[33m1796.5387\u001b[39m, personalMoney: \u001b[33m100\u001b[39m }","timestamp":1773921682629}
{"id":353,"type":"info","level":2,"name":"stock-monitor","meta":{},"content":"发送数据: { unitPrice: \u001b[33m3.0519\u001b[39m, totalStock: \u001b[33m1310\u001b[39m, personalStock: \u001b[33m0\u001b[39m, totalMoney: \u001b[33m3998.0066\u001b[39m, personalMoney: \u001b[33m100\u001b[39m }","timestamp":1773921802479}
{"id":366,"type":"info","level":2,"name":"stock-monitor","meta":{},"content":"发送数据: { unitPrice: \u001b[33m1.7396\u001b[39m, totalStock: \u001b[33m1528\u001b[39m, personalStock: \u001b[33m0\u001b[39m, totalMoney: \u001b[33m2658.0945\u001b[39m, personalMoney: \u001b[33m100\u001b[39m }","timestamp":1773921923095}
{"id":368,"type":"info","level":2,"name":"stock-monitor","meta":{},"content":"发送数据: { unitPrice: \u001b[33m0.6784\u001b[39m, totalStock: \u001b[33m1692\u001b[39m, personalStock: \u001b[33m0\u001b[39m, totalMoney: \u001b[33m1147.9211\u001b[39m, personalMoney: \u001b[33m100\u001b[39m }","timestamp":1773922042455}
{"id":370,"type":"info","level":2,"name":"stock-monitor","meta":{},"content":"发送数据: { unitPrice: \u001b[33m0.3731\u001b[39m, totalStock: \u001b[33m2906\u001b[39m, personalStock: \u001b[33m0\u001b[39m, totalMoney: \u001b[33m1084.3512\u001b[39m, personalMoney: \u001b[33m100\u001b[39m }","timestamp":1773922163500}
{"id":372,"type":"info","level":2,"name":"stock-monitor","meta":{},"content":"发送数据: { unitPrice: \u001b[33m0.4664\u001b[39m, totalStock: \u001b[33m8756\u001b[39m, personalStock: \u001b[33m0\u001b[39m, totalMoney: \u001b[33m4084.0414\u001b[39m, personalMoney: \u001b[33m100\u001b[39m }","timestamp":1773922281589}
{"id":373,"type":"info","level":2,"name":"stock-monitor","meta":{},"content":"发送数据: { unitPrice: \u001b[33m0.4664\u001b[39m, totalStock: \u001b[33m10697\u001b[39m, personalStock: \u001b[33m0\u001b[39m, totalMoney: \u001b[33m4989.3776\u001b[39m, personalMoney: \u001b[33m100\u001b[39m }","timestamp":1773922391186}
{"id":375,"type":"info","level":2,"name":"stock-monitor","meta":{},"content":"发送数据: { unitPrice: \u001b[33m0.5737\u001b[39m, totalStock: \u001b[33m12167\u001b[39m, personalStock: \u001b[33m0\u001b[39m, totalMoney: \u001b[33m6980.2825\u001b[39m, personalMoney: \u001b[33m100\u001b[39m }","timestamp":1773922404411}
{"id":377,"type":"info","level":2,"name":"stock-monitor","meta":{},"content":"发送数据: { unitPrice: \u001b[33m0.0057\u001b[39m, totalStock: \u001b[33m7732\u001b[39m, personalStock: \u001b[33m0\u001b[39m, totalMoney: \u001b[33m44.359\u001b[39m, personalMoney: \u001b[33m100\u001b[39m }","timestamp":1773922524383}
{"id":379,"type":"info","level":2,"name":"stock-monitor","meta":{},"content":"发送数据: { unitPrice: \u001b[33m1\u001b[39m, totalStock: \u001b[33m1000\u001b[39m, personalStock: \u001b[33m0\u001b[39m, totalMoney: \u001b[33m1000\u001b[39m, personalMoney: \u001b[33m100\u001b[39m }","timestamp":1773922644017}
{"id":381,"type":"info","level":2,"name":"stock-monitor","meta":{},"content":"发送数据: { unitPrice: \u001b[33m0.76\u001b[39m, totalStock: \u001b[33m1697\u001b[39m, personalStock: \u001b[33m0\u001b[39m, totalMoney: \u001b[33m1289.72\u001b[39m, personalMoney: \u001b[33m100\u001b[39m }","timestamp":1773922763700}
{"id":383,"type":"info","level":2,"name":"stock-monitor","meta":{},"content":"发送数据: { unitPrice: \u001b[33m1.2844\u001b[39m, totalStock: \u001b[33m2544\u001b[39m, personalStock: \u001b[33m0\u001b[39m, totalMoney: \u001b[33m3267.5136\u001b[39m, personalMoney: \u001b[33m100\u001b[39m }","timestamp":1773922885095}
{"id":385,"type":"info","level":2,"name":"stock-monitor","meta":{},"content":"发送数据: { unitPrice: \u001b[33m1.7083\u001b[39m, totalStock: \u001b[33m2562\u001b[39m, personalStock: \u001b[33m0\u001b[39m, totalMoney: \u001b[33m4376.5416\u001b[39m, personalMoney: \u001b[33m100\u001b[39m }","timestamp":1773923004017}
{"id":387,"type":"info","level":2,"name":"stock-monitor","meta":{},"content":"发送数据: { unitPrice: \u001b[33m0.82\u001b[39m, totalStock: \u001b[33m1946\u001b[39m, personalStock: \u001b[33m0\u001b[39m, totalMoney: \u001b[33m1595.644\u001b[39m, personalMoney: \u001b[33m100\u001b[39m }","timestamp":1773923125324}
{"id":388,"type":"info","level":2,"name":"stock-monitor","meta":{},"content":"发送数据: { unitPrice: \u001b[33m0.82\u001b[39m, totalStock: \u001b[33m2791\u001b[39m, personalStock: \u001b[33m0\u001b[39m, totalMoney: \u001b[33m2288.511\u001b[39m, personalMoney: \u001b[33m100\u001b[39m }","timestamp":1773923224804}
{"id":390,"type":"info","level":2,"name":"stock-monitor","meta":{},"content":"发送数据: { unitPrice: \u001b[33m0.369\u001b[39m, totalStock: \u001b[33m2447\u001b[39m, personalStock: \u001b[33m0\u001b[39m, totalMoney: \u001b[33m902.9\u001b[39m, personalMoney: \u001b[33m100\u001b[39m }","timestamp":1773923258709}
{"id":391,"type":"info","level":2,"name":"stock-monitor","meta":{},"content":"发送数据: { unitPrice: \u001b[33m0.369\u001b[39m, totalStock: \u001b[33m4493\u001b[39m, personalStock: \u001b[33m0\u001b[39m, totalMoney: \u001b[33m1657.8381\u001b[39m, personalMoney: \u001b[33m100\u001b[39m }","timestamp":1773923366855}
{"id":393,"type":"info","level":2,"name":"stock-monitor","meta":{},"content":"发送数据: { unitPrice: \u001b[33m0.2583\u001b[39m, totalStock: \u001b[33m4494\u001b[39m, personalStock: \u001b[33m0\u001b[39m, totalMoney: \u001b[33m1160.7449\u001b[39m, personalMoney: \u001b[33m100\u001b[39m }","timestamp":1773923376879}
{"id":395,"type":"info","level":2,"name":"stock-monitor","meta":{},"content":"发送数据: { unitPrice: \u001b[33m0.0077\u001b[39m, totalStock: \u001b[33m12344\u001b[39m, personalStock: \u001b[33m0\u001b[39m, totalMoney: \u001b[33m95.6491\u001b[39m, personalMoney: \u001b[33m100\u001b[39m }","timestamp":1773923498179}
{"id":397,"type":"info","level":2,"name":"stock-monitor","meta":{},"content":"发送数据: { unitPrice: \u001b[33m1\u001b[39m, totalStock: \u001b[33m1000\u001b[39m, personalStock: \u001b[33m0\u001b[39m, totalMoney: \u001b[33m1000\u001b[39m, personalMoney: \u001b[33m100\u001b[39m }","timestamp":1773923618564}
{"id":399,"type":"info","level":2,"name":"stock-monitor","meta":{},"content":"发送数据: { unitPrice: \u001b[33m1.89\u001b[39m, totalStock: \u001b[33m3229\u001b[39m, personalStock: \u001b[33m0\u001b[39m, totalMoney: \u001b[33m6102.81\u001b[39m, personalMoney: \u001b[33m100\u001b[39m }","timestamp":1773923739095}
{"id":400,"type":"warn","level":2,"name":"DEV:adapter-iirose","meta":{},"content":"获取或转换图片失败: http://s.iirose.com/images/icon/cartoon/601433.jpg HTTPError: fetch http://s.iirose.com/images/icon/cartoon/601433.jpg failed at \u001b[90mE:\\Desktop\\test\\koishiBot\\koishiBot\\\u001b[39mnode_modules\\\u001b[4m@cordisjs\u001b[24m\\plugin-http\\lib\\index.cjs:327:23 at async [cordis.invoke] \u001b[90m(E:\\Desktop\\test\\koishiBot\\koishiBot\\\u001b[39mnode_modules\\\u001b[4m@cordisjs\u001b[24m\\plugin-http\\lib\\index.cjs:325:19\u001b[90m)\u001b[39m \u001b[90m    ... 2 lines matching cause stack trace ...\u001b[39m at async \u001b[90mE:\\Desktop\\test\\koishiBot\\koishiBot\\\u001b[39mnode_modules\\\u001b[4mkoishi-plugin-adapter-iirose\u001b[24m\\lib\\index.js:1126:29 { response: \u001b[90mundefined\u001b[39m, code: \u001b[90mundefined\u001b[39m, cause: TypeError: fetch failed \u001b[90m    at Object.fetch (node:internal/deps/undici/undici:11118:11)\u001b[39m at async [cordis.invoke] \u001b[90m(E:\\Desktop\\test\\koishiBot\\koishiBot\\\u001b[39mnode_modules\\\u001b[4m@cordisjs\u001b[24m\\plugin-http\\lib\\index.cjs:325:19\u001b[90m)\u001b[39m at async Proxy.file \u001b[90m(E:\\Desktop\\test\\koishiBot\\koishiBot\\\u001b[39mnode_modules\\\u001b[4m@cordisjs\u001b[24m\\plugin-http\\lib\\index.cjs:410:49\u001b[90m)\u001b[39m at async getImageAsBase64 \u001b[90m(E:\\Desktop\\test\\koishiBot\\koishiBot\\\u001b[39mnode_modules\\\u001b[4mkoishi-plugin-adapter-iirose\u001b[24m\\lib\\index.js:313:28\u001b[90m)\u001b[39m at async \u001b[90mE:\\Desktop\\test\\koishiBot\\koishiBot\\\u001b[39mnode_modules\\\u001b[4mkoishi-plugin-adapter-iirose\u001b[24m\\lib\\index.js:1126:29 { cause: SocketError: other side closed at Socket.<anonymous> \u001b[90m(E:\\Desktop\\test\\koishiBot\\koishiBot\\\u001b[39mnode_modules\\\u001b[4mundici\u001b[24m\\lib\\dispatcher\\client-h1.js:681:24\u001b[90m)\u001b[39m \u001b[90m    at Socket.emit (node:events:525:35)\u001b[39m \u001b[90m    at endReadableNT (node:internal/streams/readable:1359:12)\u001b[39m \u001b[90m    at process.processTicksAndRejections (node:internal/process/task_queues:82:21)\u001b[39m { code: \u001b[32m'UND_ERR_SOCKET'\u001b[39m, socket: { localAddress: \u001b[32m'192.168.5.4'\u001b[39m, localPort: \u001b[33m61785\u001b[39m, remoteAddress: \u001b[32m'104.21.69.253'\u001b[39m, remotePort: \u001b[33m80\u001b[39m, remoteFamily: \u001b[32m'IPv4'\u001b[39m, timeout: \u001b[90mundefined\u001b[39m, bytesWritten: \u001b[33m199\u001b[39m, bytesRead: \u001b[33m0\u001b[39m } } }, [\u001b[32mSymbol(cordis.http.error)\u001b[39m]: \u001b[33mtrue\u001b[39m }","timestamp":1773923758621}
{"id":402,"type":"info","level":2,"name":"stock-monitor","meta":{},"content":"发送数据: { unitPrice: \u001b[33m2.3058\u001b[39m, totalStock: \u001b[33m1392\u001b[39m, personalStock: \u001b[33m0\u001b[39m, totalMoney: \u001b[33m3209.6736\u001b[39m, personalMoney: \u001b[33m100\u001b[39m }","timestamp":1773923859377}
{"id":403,"type":"info","level":2,"name":"stock-monitor","meta":{},"content":"发送数据: { unitPrice: \u001b[33m2.3058\u001b[39m, totalStock: \u001b[33m1012\u001b[39m, personalStock: \u001b[33m0\u001b[39m, totalMoney: \u001b[33m2333.4696\u001b[39m, personalMoney: \u001b[33m100\u001b[39m }","timestamp":1773923891878}
{"id":405,"type":"info","level":2,"name":"stock-monitor","meta":{},"content":"发送数据: { unitPrice: \u001b[33m2.767\u001b[39m, totalStock: \u001b[33m1112\u001b[39m, personalStock: \u001b[33m0\u001b[39m, totalMoney: \u001b[33m3076.8595\u001b[39m, personalMoney: \u001b[33m100\u001b[39m }","timestamp":1773923979345}
{"id":407,"type":"info","level":2,"name":"stock-monitor","meta":{},"content":"发送数据: { unitPrice: \u001b[33m3.182\u001b[39m, totalStock: \u001b[33m1010\u001b[39m, personalStock: \u001b[33m0\u001b[39m, totalMoney: \u001b[33m3213.824\u001b[39m, personalMoney: \u001b[33m100\u001b[39m }","timestamp":1773924098009}
{"id":409,"type":"info","level":2,"name":"stock-monitor","meta":{},"content":"发送数据: { unitPrice: \u001b[33m4.9321\u001b[39m, totalStock: \u001b[33m1009\u001b[39m, personalStock: \u001b[33m0\u001b[39m, totalMoney: \u001b[33m4976.4952\u001b[39m, personalMoney: \u001b[33m100\u001b[39m }","timestamp":1773924220970}
{"id":411,"type":"info","level":2,"name":"stock-monitor","meta":{},"content":"发送数据: { unitPrice: \u001b[33m0.2959\u001b[39m, totalStock: \u001b[33m1009\u001b[39m, personalStock: \u001b[33m0\u001b[39m, totalMoney: \u001b[33m298.5897\u001b[39m, personalMoney: \u001b[33m100\u001b[39m }","timestamp":1773924337523}
{"id":413,"type":"info","level":2,"name":"stock-monitor","meta":{},"content":"发送数据: { unitPrice: \u001b[33m1\u001b[39m, totalStock: \u001b[33m1000\u001b[39m, personalStock: \u001b[33m0\u001b[39m, totalMoney: \u001b[33m1000\u001b[39m, personalMoney: \u001b[33m100\u001b[39m }","timestamp":1773924459471}
{"id":415,"type":"info","level":2,"name":"stock-monitor","meta":{},"content":"发送数据: { unitPrice: \u001b[33m1.93\u001b[39m, totalStock: \u001b[33m1111\u001b[39m, personalStock: \u001b[33m0\u001b[39m, totalMoney: \u001b[33m2144.23\u001b[39m, personalMoney: \u001b[33m100\u001b[39m }","timestamp":1773924586048}
{"id":417,"type":"info","level":2,"name":"stock-monitor","meta":{},"content":"发送数据: { unitPrice: \u001b[33m0.0386\u001b[39m, totalStock: \u001b[33m1026\u001b[39m, personalStock: \u001b[33m0\u001b[39m, totalMoney: \u001b[33m39.6036\u001b[39m, personalMoney: \u001b[33m100\u001b[39m }","timestamp":1773924708196}
{"id":419,"type":"info","level":2,"name":"stock-monitor","meta":{},"content":"发送数据: { unitPrice: \u001b[33m0.6234\u001b[39m, totalStock: \u001b[33m1026\u001b[39m, personalStock: \u001b[33m0\u001b[39m, totalMoney: \u001b[33m639.6036\u001b[39m, personalMoney: \u001b[33m100\u001b[39m }","timestamp":1773924827408}
{"id":421,"type":"info","level":2,"name":"stock-monitor","meta":{},"content":"发送数据: { unitPrice: \u001b[33m0.9164\u001b[39m, totalStock: \u001b[33m1931\u001b[39m, personalStock: \u001b[33m0\u001b[39m, totalMoney: \u001b[33m1769.5513\u001b[39m, personalMoney: \u001b[33m100\u001b[39m }","timestamp":1773924946698}
{"id":423,"type":"info","level":2,"name":"stock-monitor","meta":{},"content":"发送数据: { unitPrice: \u001b[33m0.0548\u001b[39m, totalStock: \u001b[33m1033\u001b[39m, personalStock: \u001b[33m0\u001b[39m, totalMoney: \u001b[33m56.632\u001b[39m, personalMoney: \u001b[33m100\u001b[39m }","timestamp":1773925066541}
{"id":425,"type":"info","level":2,"name":"stock-monitor","meta":{},"content":"发送数据: { unitPrice: \u001b[33m0.5388\u001b[39m, totalStock: \u001b[33m1033\u001b[39m, personalStock: \u001b[33m0\u001b[39m, totalMoney: \u001b[33m556.632\u001b[39m, personalMoney: \u001b[33m100\u001b[39m }","timestamp":1773925187012}
{"id":427,"type":"info","level":2,"name":"stock-monitor","meta":{},"content":"发送数据: { unitPrice: \u001b[33m1\u001b[39m, totalStock: \u001b[33m1205\u001b[39m, personalStock: \u001b[33m0\u001b[39m, totalMoney: \u001b[33m1205\u001b[39m, personalMoney: \u001b[33m100\u001b[39m }","timestamp":1773925331444}
{"id":429,"type":"info","level":2,"name":"stock-monitor","meta":{},"content":"发送数据: { unitPrice: \u001b[33m0.54\u001b[39m, totalStock: \u001b[33m1235\u001b[39m, personalStock: \u001b[33m0\u001b[39m, totalMoney: \u001b[33m666.9\u001b[39m, personalMoney: \u001b[33m100\u001b[39m }","timestamp":1773925429257}
{"id":431,"type":"info","level":2,"name":"stock-monitor","meta":{},"content":"发送数据: { unitPrice: \u001b[33m0.9126\u001b[39m, totalStock: \u001b[33m1985\u001b[39m, personalStock: \u001b[33m0\u001b[39m, totalMoney: \u001b[33m1811.511\u001b[39m, personalMoney: \u001b[33m100\u001b[39m }","timestamp":1773925550453}
{"id":433,"type":"info","level":2,"name":"stock-monitor","meta":{},"content":"发送数据: { unitPrice: \u001b[33m1.5277\u001b[39m, totalStock: \u001b[33m1073\u001b[39m, personalStock: \u001b[33m0\u001b[39m, totalMoney: \u001b[33m1639.2198\u001b[39m, personalMoney: \u001b[33m100\u001b[39m }","timestamp":1773925673269}
{"id":435,"type":"info","level":2,"name":"stock-monitor","meta":{},"content":"发送数据: { unitPrice: \u001b[33m0.275\u001b[39m, totalStock: \u001b[33m1035\u001b[39m, personalStock: \u001b[33m0\u001b[39m, totalMoney: \u001b[33m284.6101\u001b[39m, personalMoney: \u001b[33m100\u001b[39m }","timestamp":1773925790151}
{"id":448,"type":"info","level":2,"name":"stock-monitor","meta":{},"content":"发送数据: { unitPrice: \u001b[33m0.0109\u001b[39m, totalStock: \u001b[33m2045\u001b[39m, personalStock: \u001b[33m0\u001b[39m, totalMoney: \u001b[33m22.3456\u001b[39m, personalMoney: \u001b[33m0\u001b[39m }","timestamp":1773925910780}
{"id":451,"type":"info","level":2,"name":"stock-monitor","meta":{},"content":"发送数据: { unitPrice: \u001b[33m0.0892\u001b[39m, totalStock: \u001b[33m2045\u001b[39m, personalStock: \u001b[33m0\u001b[39m, totalMoney: \u001b[33m182.3456\u001b[39m, personalMoney: \u001b[33m0\u001b[39m }","timestamp":1773926150496}
{"id":453,"type":"info","level":2,"name":"stock-monitor","meta":{},"content":"发送数据: { unitPrice: \u001b[33m0.3386\u001b[39m, totalStock: \u001b[33m2045\u001b[39m, personalStock: \u001b[33m0\u001b[39m, totalMoney: \u001b[33m692.3456\u001b[39m, personalMoney: \u001b[33m0\u001b[39m }","timestamp":1773926268908}
{"id":455,"type":"info","level":2,"name":"stock-monitor","meta":{},"content":"发送数据: { unitPrice: \u001b[33m0.1253\u001b[39m, totalStock: \u001b[33m4336\u001b[39m, personalStock: \u001b[33m0\u001b[39m, totalMoney: \u001b[33m543.151\u001b[39m, personalMoney: \u001b[33m0\u001b[39m }","timestamp":1773926391276}
{"id":457,"type":"info","level":2,"name":"stock-monitor","meta":{},"content":"发送数据: { unitPrice: \u001b[33m1\u001b[39m, totalStock: \u001b[33m1000\u001b[39m, personalStock: \u001b[33m0\u001b[39m, totalMoney: \u001b[33m1000\u001b[39m, personalMoney: \u001b[33m0\u001b[39m }","timestamp":1773926509861}
{"id":459,"type":"info","level":2,"name":"stock-monitor","meta":{},"content":"发送数据: { unitPrice: \u001b[33m0.18\u001b[39m, totalStock: \u001b[33m1131\u001b[39m, personalStock: \u001b[33m0\u001b[39m, totalMoney: \u001b[33m203.58\u001b[39m, personalMoney: \u001b[33m0\u001b[39m }","timestamp":1773926629792}
{"id":461,"type":"info","level":2,"name":"stock-monitor","meta":{},"content":"发送数据: { unitPrice: \u001b[33m0.2232\u001b[39m, totalStock: \u001b[33m8737\u001b[39m, personalStock: \u001b[33m0\u001b[39m, totalMoney: \u001b[33m1950.0984\u001b[39m, personalMoney: \u001b[33m0\u001b[39m }","timestamp":1773926750882}
{"id":463,"type":"info","level":2,"name":"stock-monitor","meta":{},"content":"发送数据: { unitPrice: \u001b[33m0.2969\u001b[39m, totalStock: \u001b[33m5427\u001b[39m, personalStock: \u001b[33m0\u001b[39m, totalMoney: \u001b[33m1611.0375\u001b[39m, personalMoney: \u001b[33m0\u001b[39m }","timestamp":1773926870003}
{"id":465,"type":"info","level":2,"name":"stock-monitor","meta":{},"content":"发送数据: { unitPrice: \u001b[33m0.1718\u001b[39m, totalStock: \u001b[33m3119\u001b[39m, personalStock: \u001b[33m0\u001b[39m, totalMoney: \u001b[33m535.8939\u001b[39m, personalMoney: \u001b[33m0\u001b[39m }","timestamp":1773926989445}
{"id":467,"type":"info","level":2,"name":"stock-monitor","meta":{},"content":"发送数据: { unitPrice: \u001b[33m1\u001b[39m, totalStock: \u001b[33m1000\u001b[39m, personalStock: \u001b[33m0\u001b[39m, totalMoney: \u001b[33m1000\u001b[39m, personalMoney: \u001b[33m0\u001b[39m }","timestamp":1773927110642}
{"id":481,"type":"info","level":2,"name":"stock-monitor","meta":{},"content":"发送数据: { unitPrice: \u001b[33m0.76\u001b[39m, totalStock: \u001b[33m2304\u001b[39m, personalStock: \u001b[33m0\u001b[39m, totalMoney: \u001b[33m1751.04\u001b[39m, personalMoney: \u001b[33m0\u001b[39m }","timestamp":1773927231407}
{"id":489,"type":"info","level":2,"name":"stock-monitor","meta":{},"content":"发送数据: { unitPrice: \u001b[33m0.8892\u001b[39m, totalStock: \u001b[33m3005\u001b[39m, personalStock: \u001b[33m0\u001b[39m, totalMoney: \u001b[33m2672.046\u001b[39m, personalMoney: \u001b[33m0\u001b[39m }","timestamp":1773927351909}
{"id":498,"type":"info","level":2,"name":"stock-monitor","meta":{},"content":"发送数据: { unitPrice: \u001b[33m1.6183\u001b[39m, totalStock: \u001b[33m2008\u001b[39m, personalStock: \u001b[33m0\u001b[39m, totalMoney: \u001b[33m3249.6348\u001b[39m, personalMoney: \u001b[33m0\u001b[39m }","timestamp":1773927472304}
{"id":500,"type":"info","level":2,"name":"stock-monitor","meta":{},"content":"发送数据: { unitPrice: \u001b[33m2.8321\u001b[39m, totalStock: \u001b[33m1224\u001b[39m, personalStock: \u001b[33m0\u001b[39m, totalMoney: \u001b[33m3466.4928\u001b[39m, personalMoney: \u001b[33m0\u001b[39m }","timestamp":1773927592225}
{"id":502,"type":"info","level":2,"name":"stock-monitor","meta":{},"content":"发送数据: { unitPrice: \u001b[33m4.8146\u001b[39m, totalStock: \u001b[33m1114\u001b[39m, personalStock: \u001b[33m0\u001b[39m, totalMoney: \u001b[33m5363.4348\u001b[39m, personalMoney: \u001b[33m0\u001b[39m }","timestamp":1773927710110}
{"id":503,"type":"info","level":2,"name":"stock-monitor","meta":{},"content":"发送数据: { unitPrice: \u001b[33m4.8146\u001b[39m, totalStock: \u001b[33m1210\u001b[39m, personalStock: \u001b[33m0\u001b[39m, totalMoney: \u001b[33m5825.6338\u001b[39m, personalMoney: \u001b[33m0\u001b[39m }","timestamp":1773927784396}
{"id":505,"type":"info","level":2,"name":"stock-monitor","meta":{},"content":"发送数据: { unitPrice: \u001b[33m7.5589\u001b[39m, totalStock: \u001b[33m1758\u001b[39m, personalStock: \u001b[33m0\u001b[39m, totalMoney: \u001b[33m13288.5115\u001b[39m, personalMoney: \u001b[33m0\u001b[39m }","timestamp":1773927833199}
{"id":507,"type":"info","level":2,"name":"stock-monitor","meta":{},"content":"发送数据: { unitPrice: \u001b[33m5.2156\u001b[39m, totalStock: \u001b[33m1103\u001b[39m, personalStock: \u001b[33m0\u001b[39m, totalMoney: \u001b[33m5752.837\u001b[39m, personalMoney: \u001b[33m0\u001b[39m }","timestamp":1773927950594}
{"id":518,"type":"info","level":2,"name":"stock-monitor","meta":{},"content":"发送数据: { unitPrice: \u001b[33m6.9889\u001b[39m, totalStock: \u001b[33m1016\u001b[39m, personalStock: \u001b[33m0\u001b[39m, totalMoney: \u001b[33m7100.7637\u001b[39m, personalMoney: \u001b[33m0\u001b[39m }","timestamp":1773928071849}
{"id":520,"type":"info","level":2,"name":"stock-monitor","meta":{},"content":"发送数据: { unitPrice: \u001b[33m2.3762\u001b[39m, totalStock: \u001b[33m1008\u001b[39m, personalStock: \u001b[33m0\u001b[39m, totalMoney: \u001b[33m2395.2497\u001b[39m, personalMoney: \u001b[33m0\u001b[39m }","timestamp":1773928190964}
{"id":522,"type":"info","level":2,"name":"stock-monitor","meta":{},"content":"发送数据: { unitPrice: \u001b[33m2.0198\u001b[39m, totalStock: \u001b[33m1257\u001b[39m, personalStock: \u001b[33m0\u001b[39m, totalMoney: \u001b[33m2538.8934\u001b[39m, personalMoney: \u001b[33m0\u001b[39m }","timestamp":1773928313467}
{"id":524,"type":"info","level":2,"name":"stock-monitor","meta":{},"content":"发送数据: { unitPrice: \u001b[33m3.1307\u001b[39m, totalStock: \u001b[33m1719\u001b[39m, personalStock: \u001b[33m0\u001b[39m, totalMoney: \u001b[33m5381.6664\u001b[39m, personalMoney: \u001b[33m0\u001b[39m }","timestamp":1773928439973}
{"id":526,"type":"info","level":2,"name":"stock-monitor","meta":{},"content":"发送数据: { unitPrice: \u001b[33m4.9778\u001b[39m, totalStock: \u001b[33m1116\u001b[39m, personalStock: \u001b[33m0\u001b[39m, totalMoney: \u001b[33m5555.2322\u001b[39m, personalMoney: \u001b[33m0\u001b[39m }","timestamp":1773928552277}
{"id":528,"type":"info","level":2,"name":"stock-monitor","meta":{},"content":"发送数据: { unitPrice: \u001b[33m0.0498\u001b[39m, totalStock: \u001b[33m1006\u001b[39m, personalStock: \u001b[33m0\u001b[39m, totalMoney: \u001b[33m50.0767\u001b[39m, personalMoney: \u001b[33m0\u001b[39m }","timestamp":1773928672491}
{"id":530,"type":"info","level":2,"name":"stock-monitor","meta":{},"content":"发送数据: { unitPrice: \u001b[33m1\u001b[39m, totalStock: \u001b[33m1000\u001b[39m, personalStock: \u001b[33m0\u001b[39m, totalMoney: \u001b[33m1000\u001b[39m, personalMoney: \u001b[33m0\u001b[39m }","timestamp":1773928791931}
{"id":532,"type":"info","level":2,"name":"stock-monitor","meta":{},"content":"发送数据: { unitPrice: \u001b[33m0.5\u001b[39m, totalStock: \u001b[33m1301\u001b[39m, personalStock: \u001b[33m0\u001b[39m, totalMoney: \u001b[33m650.5\u001b[39m, personalMoney: \u001b[33m0\u001b[39m }","timestamp":1773928913266}
{"id":534,"type":"info","level":2,"name":"stock-monitor","meta":{},"content":"发送数据: { unitPrice: \u001b[33m0.495\u001b[39m, totalStock: \u001b[33m2757\u001b[39m, personalStock: \u001b[33m0\u001b[39m, totalMoney: \u001b[33m1364.715\u001b[39m, personalMoney: \u001b[33m0\u001b[39m }","timestamp":1773929032280}
{"id":536,"type":"info","level":2,"name":"stock-monitor","meta":{},"content":"发送数据: { unitPrice: \u001b[33m0.7573\u001b[39m, totalStock: \u001b[33m6959\u001b[39m, personalStock: \u001b[33m0\u001b[39m, totalMoney: \u001b[33m5270.3987\u001b[39m, personalMoney: \u001b[33m0\u001b[39m }","timestamp":1773929154073}
{"id":538,"type":"info","level":2,"name":"stock-monitor","meta":{},"content":"发送数据: { unitPrice: \u001b[33m0.4468\u001b[39m, totalStock: \u001b[33m1979\u001b[39m, personalStock: \u001b[33m0\u001b[39m, totalMoney: \u001b[33m884.2894\u001b[39m, personalMoney: \u001b[33m0\u001b[39m }","timestamp":1773929273077}
{"id":539,"type":"info","level":2,"name":"stock-monitor","meta":{},"content":"发送数据: { unitPrice: \u001b[33m0.4468\u001b[39m, totalStock: \u001b[33m1204\u001b[39m, personalStock: \u001b[33m0\u001b[39m, totalMoney: \u001b[33m537.9911\u001b[39m, personalMoney: \u001b[33m0\u001b[39m }","timestamp":1773929318128}
{"id":541,"type":"info","level":2,"name":"stock-monitor","meta":{},"content":"发送数据: { unitPrice: \u001b[33m0.1489\u001b[39m, totalStock: \u001b[33m1980\u001b[39m, personalStock: \u001b[33m0\u001b[39m, totalMoney: \u001b[33m294.7363\u001b[39m, personalMoney: \u001b[33m0\u001b[39m }","timestamp":1773929391986}
{"id":558,"type":"info","level":2,"name":"stock-monitor","meta":{},"content":"发送数据: { unitPrice: \u001b[33m0.0491\u001b[39m, totalStock: \u001b[33m10820\u001b[39m, personalStock: \u001b[33m0\u001b[39m, totalMoney: \u001b[33m531.5077\u001b[39m, personalMoney: \u001b[33m0\u001b[39m }","timestamp":1773929511760}
{"id":559,"type":"info","level":2,"name":"stock-monitor","meta":{},"content":"发送数据: { unitPrice: \u001b[33m0.0491\u001b[39m, totalStock: \u001b[33m10816\u001b[39m, personalStock: \u001b[33m0\u001b[39m, totalMoney: \u001b[33m531.3112\u001b[39m, personalMoney: \u001b[33m0\u001b[39m }","timestamp":1773929550502}
{"id":561,"type":"info","level":2,"name":"stock-monitor","meta":{},"content":"发送数据: { unitPrice: \u001b[33m0.0815\u001b[39m, totalStock: \u001b[33m10816\u001b[39m, personalStock: \u001b[33m0\u001b[39m, totalMoney: \u001b[33m881.3112\u001b[39m, personalMoney: \u001b[33m0\u001b[39m }","timestamp":1773929633026}
{"id":563,"type":"info","level":2,"name":"stock-monitor","meta":{},"content":"发送数据: { unitPrice: \u001b[33m0.1656\u001b[39m, totalStock: \u001b[33m10816\u001b[39m, personalStock: \u001b[33m0\u001b[39m, totalMoney: \u001b[33m1791.3112\u001b[39m, personalMoney: \u001b[33m0\u001b[39m }","timestamp":1773929751653}
{"id":565,"type":"info","level":2,"name":"stock-monitor","meta":{},"content":"发送数据: { unitPrice: \u001b[33m0.2368\u001b[39m, totalStock: \u001b[33m6318\u001b[39m, personalStock: \u001b[33m0\u001b[39m, totalMoney: \u001b[33m1496.3047\u001b[39m, personalMoney: \u001b[33m0\u001b[39m }","timestamp":1773929872581}
{"id":576,"type":"info","level":2,"name":"stock-monitor","meta":{},"content":"发送数据: { unitPrice: \u001b[33m0.1918\u001b[39m, totalStock: \u001b[33m2222\u001b[39m, personalStock: \u001b[33m0\u001b[39m, totalMoney: \u001b[33m426.2407\u001b[39m, personalMoney: \u001b[33m0\u001b[39m }","timestamp":1773929991762}
{"id":578,"type":"info","level":2,"name":"stock-monitor","meta":{},"content":"发送数据: { unitPrice: \u001b[33m1\u001b[39m, totalStock: \u001b[33m1000\u001b[39m, personalStock: \u001b[33m0\u001b[39m, totalMoney: \u001b[33m1000\u001b[39m, personalMoney: \u001b[33m0\u001b[39m }","timestamp":1773930112915}
{"id":580,"type":"info","level":2,"name":"stock-monitor","meta":{},"content":"发送数据: { unitPrice: \u001b[33m0.26\u001b[39m, totalStock: \u001b[33m1204\u001b[39m, personalStock: \u001b[33m0\u001b[39m, totalMoney: \u001b[33m313.04\u001b[39m, personalMoney: \u001b[33m0\u001b[39m }","timestamp":1773930234304}
{"id":582,"type":"info","level":2,"name":"stock-monitor","meta":{},"content":"发送数据: { unitPrice: \u001b[33m0.3354\u001b[39m, totalStock: \u001b[33m7198\u001b[39m, personalStock: \u001b[33m0\u001b[39m, totalMoney: \u001b[33m2414.2092\u001b[39m, personalMoney: \u001b[33m0\u001b[39m }","timestamp":1773930353270}
{"id":584,"type":"info","level":2,"name":"stock-monitor","meta":{},"content":"发送数据: { unitPrice: \u001b[33m1\u001b[39m, totalStock: \u001b[33m1000\u001b[39m, personalStock: \u001b[33m0\u001b[39m, totalMoney: \u001b[33m1000\u001b[39m, personalMoney: \u001b[33m0\u001b[39m }","timestamp":1773930476148}
{"id":586,"type":"info","level":2,"name":"stock-monitor","meta":{},"content":"发送数据: { unitPrice: \u001b[33m1.08\u001b[39m, totalStock: \u001b[33m1135\u001b[39m, personalStock: \u001b[33m0\u001b[39m, totalMoney: \u001b[33m1225.8\u001b[39m, personalMoney: \u001b[33m0\u001b[39m }","timestamp":1773930593248}
{"id":588,"type":"info","level":2,"name":"stock-monitor","meta":{},"content":"发送数据: { unitPrice: \u001b[33m1.8792\u001b[39m, totalStock: \u001b[33m1108\u001b[39m, personalStock: \u001b[33m0\u001b[39m, totalMoney: \u001b[33m2082.1536\u001b[39m, personalMoney: \u001b[33m0\u001b[39m }","timestamp":1773930712362}
{"id":590,"type":"info","level":2,"name":"stock-monitor","meta":{},"content":"发送数据: { unitPrice: \u001b[33m3.0631\u001b[39m, totalStock: \u001b[33m1154\u001b[39m, personalStock: \u001b[33m0\u001b[39m, totalMoney: \u001b[33m3534.8128\u001b[39m, personalMoney: \u001b[33m0\u001b[39m }","timestamp":1773930833071}
{"id":592,"type":"info","level":2,"name":"stock-monitor","meta":{},"content":"发送数据: { unitPrice: \u001b[33m0.582\u001b[39m, totalStock: \u001b[33m1134\u001b[39m, personalStock: \u001b[33m0\u001b[39m, totalMoney: \u001b[33m659.9747\u001b[39m, personalMoney: \u001b[33m0\u001b[39m }","timestamp":1773930954077}
{"id":594,"type":"info","level":2,"name":"stock-monitor","meta":{},"content":"发送数据: { unitPrice: \u001b[33m0.7333\u001b[39m, totalStock: \u001b[33m1476\u001b[39m, personalStock: \u001b[33m0\u001b[39m, totalMoney: \u001b[33m1082.3584\u001b[39m, personalMoney: \u001b[33m0\u001b[39m }","timestamp":1773931075851}
{"id":602,"type":"info","level":2,"name":"stock-monitor","meta":{},"content":"发送数据: { unitPrice: \u001b[33m0.2898\u001b[39m, totalStock: \u001b[33m1353\u001b[39m, personalStock: \u001b[33m0\u001b[39m, totalMoney: \u001b[33m392.1619\u001b[39m, personalMoney: \u001b[33m0\u001b[39m }","timestamp":1773931192799}
{"id":604,"type":"info","level":2,"name":"stock-monitor","meta":{},"content":"发送数据: { unitPrice: \u001b[33m0.5391\u001b[39m, totalStock: \u001b[33m5353\u001b[39m, personalStock: \u001b[33m0\u001b[39m, totalMoney: \u001b[33m2885.8769\u001b[39m, personalMoney: \u001b[33m0\u001b[39m }","timestamp":1773931313893}
{"id":606,"type":"info","level":2,"name":"stock-monitor","meta":{},"content":"发送数据: { unitPrice: \u001b[33m1.0081\u001b[39m, totalStock: \u001b[33m2285\u001b[39m, personalStock: \u001b[33m0\u001b[39m, totalMoney: \u001b[33m2303.6069\u001b[39m, personalMoney: \u001b[33m0\u001b[39m }","timestamp":1773931444905}
{"id":614,"type":"info","level":2,"name":"stock-monitor","meta":{},"content":"发送数据: { unitPrice: \u001b[33m0.8368\u001b[39m, totalStock: \u001b[33m1448\u001b[39m, personalStock: \u001b[33m0\u001b[39m, totalMoney: \u001b[33m1211.6267\u001b[39m, personalMoney: \u001b[33m0\u001b[39m }","timestamp":1773931554226}
{"id":616,"type":"info","level":2,"name":"stock-monitor","meta":{},"content":"发送数据: { unitPrice: \u001b[33m1.3221\u001b[39m, totalStock: \u001b[33m1508\u001b[39m, personalStock: \u001b[33m0\u001b[39m, totalMoney: \u001b[33m1993.6948\u001b[39m, personalMoney: \u001b[33m0\u001b[39m }","timestamp":1773931674240}
{"id":618,"type":"info","level":2,"name":"stock-monitor","meta":{},"content":"发送数据: { unitPrice: \u001b[33m0.0925\u001b[39m, totalStock: \u001b[33m2541\u001b[39m, personalStock: \u001b[33m0\u001b[39m, totalMoney: \u001b[33m235.1582\u001b[39m, personalMoney: \u001b[33m0\u001b[39m }","timestamp":1773931794764}
{"id":620,"type":"info","level":2,"name":"stock-monitor","meta":{},"content":"发送数据: { unitPrice: \u001b[33m0.4743\u001b[39m, totalStock: \u001b[33m2541\u001b[39m, personalStock: \u001b[33m0\u001b[39m, totalMoney: \u001b[33m1205.1582\u001b[39m, personalMoney: \u001b[33m0\u001b[39m }","timestamp":1773931913138}
{"id":622,"type":"info","level":2,"name":"stock-monitor","meta":{},"content":"发送数据: { unitPrice: \u001b[33m0.6023\u001b[39m, totalStock: \u001b[33m4486\u001b[39m, personalStock: \u001b[33m0\u001b[39m, totalMoney: \u001b[33m2702.1059\u001b[39m, personalMoney: \u001b[33m0\u001b[39m }","timestamp":1773932034098}
{"id":624,"type":"info","level":2,"name":"stock-monitor","meta":{},"content":"发送数据: { unitPrice: \u001b[33m0.6987\u001b[39m, totalStock: \u001b[33m5131\u001b[39m, personalStock: \u001b[33m0\u001b[39m, totalMoney: \u001b[33m3585.1151\u001b[39m, personalMoney: \u001b[33m0\u001b[39m }","timestamp":1773932154405}
{"id":626,"type":"info","level":2,"name":"stock-monitor","meta":{},"content":"发送数据: { unitPrice: \u001b[33m0.545\u001b[39m, totalStock: \u001b[33m2584\u001b[39m, personalStock: \u001b[33m0\u001b[39m, totalMoney: \u001b[33m1408.2774\u001b[39m, personalMoney: \u001b[33m0\u001b[39m }","timestamp":1773932274356}
{"id":628,"type":"info","level":2,"name":"stock-monitor","meta":{},"content":"发送数据: { unitPrice: \u001b[33m0.1144\u001b[39m, totalStock: \u001b[33m2524\u001b[39m, personalStock: \u001b[33m0\u001b[39m, totalMoney: \u001b[33m288.8713\u001b[39m, personalMoney: \u001b[33m0\u001b[39m }","timestamp":1773932395214}
{"id":630,"type":"info","level":2,"name":"stock-monitor","meta":{},"content":"发送数据: { unitPrice: \u001b[33m0.1431\u001b[39m, totalStock: \u001b[33m14659\u001b[39m, personalStock: \u001b[33m0\u001b[39m, totalMoney: \u001b[33m2097.1493\u001b[39m, personalMoney: \u001b[33m0\u001b[39m }","timestamp":1773932516883}
{"id":632,"type":"info","level":2,"name":"stock-monitor","meta":{},"content":"发送数据: { unitPrice: \u001b[33m0.0343\u001b[39m, totalStock: \u001b[33m17627\u001b[39m, personalStock: \u001b[33m0\u001b[39m, totalMoney: \u001b[33m605.2219\u001b[39m, personalMoney: \u001b[33m0\u001b[39m }","timestamp":1773932634649}
{"id":634,"type":"info","level":2,"name":"stock-monitor","meta":{},"content":"发送数据: { unitPrice: \u001b[33m1\u001b[39m, totalStock: \u001b[33m1000\u001b[39m, personalStock: \u001b[33m0\u001b[39m, totalMoney: \u001b[33m1000\u001b[39m, personalMoney: \u001b[33m0\u001b[39m }","timestamp":1773932754092}
{"id":636,"type":"info","level":2,"name":"stock-monitor","meta":{},"content":"发送数据: { unitPrice: \u001b[33m1.96\u001b[39m, totalStock: \u001b[33m2122\u001b[39m, personalStock: \u001b[33m0\u001b[39m, totalMoney: \u001b[33m4159.12\u001b[39m, personalMoney: \u001b[33m0\u001b[39m }","timestamp":1773932873822}
{"id":638,"type":"info","level":2,"name":"stock-monitor","meta":{},"content":"发送数据: { unitPrice: \u001b[33m0.0196\u001b[39m, totalStock: \u001b[33m1489\u001b[39m, personalStock: \u001b[33m0\u001b[39m, totalMoney: \u001b[33m29.1844\u001b[39m, personalMoney: \u001b[33m0\u001b[39m }","timestamp":1773932994312}
{"id":640,"type":"info","level":2,"name":"stock-monitor","meta":{},"content":"发送数据: { unitPrice: \u001b[33m1\u001b[39m, totalStock: \u001b[33m1000\u001b[39m, personalStock: \u001b[33m0\u001b[39m, totalMoney: \u001b[33m1000\u001b[39m, personalMoney: \u001b[33m0\u001b[39m }","timestamp":1773933114567}
{"id":642,"type":"info","level":2,"name":"stock-monitor","meta":{},"content":"发送数据: { unitPrice: \u001b[33m1.06\u001b[39m, totalStock: \u001b[33m3230\u001b[39m, personalStock: \u001b[33m0\u001b[39m, totalMoney: \u001b[33m3423.8\u001b[39m, personalMoney: \u001b[33m0\u001b[39m }","timestamp":1773933234887}
{"id":662,"type":"info","level":2,"name":"stock-monitor","meta":{},"content":"发送数据: { unitPrice: \u001b[33m0.9328\u001b[39m, totalStock: \u001b[33m2735\u001b[39m, personalStock: \u001b[33m0\u001b[39m, totalMoney: \u001b[33m2551.208\u001b[39m, personalMoney: \u001b[33m0\u001b[39m }","timestamp":1773933354836}
{"id":664,"type":"info","level":2,"name":"stock-monitor","meta":{},"content":"发送数据: { unitPrice: \u001b[33m1.7537\u001b[39m, totalStock: \u001b[33m1997\u001b[39m, personalStock: \u001b[33m0\u001b[39m, totalMoney: \u001b[33m3502.067\u001b[39m, personalMoney: \u001b[33m0\u001b[39m }","timestamp":1773933474276}
{"id":666,"type":"info","level":2,"name":"stock-monitor","meta":{},"content":"发送数据: { unitPrice: \u001b[33m3.0338\u001b[39m, totalStock: \u001b[33m1470\u001b[39m, personalStock: \u001b[33m0\u001b[39m, totalMoney: \u001b[33m4459.7429\u001b[39m, personalMoney: \u001b[33m0\u001b[39m }","timestamp":1773933596417}
{"id":668,"type":"info","level":2,"name":"stock-monitor","meta":{},"content":"发送数据: { unitPrice: \u001b[33m2.7608\u001b[39m, totalStock: \u001b[33m1267\u001b[39m, personalStock: \u001b[33m0\u001b[39m, totalMoney: \u001b[33m3497.925\u001b[39m, personalMoney: \u001b[33m0\u001b[39m }","timestamp":1773933715659}
{"id":670,"type":"info","level":2,"name":"stock-monitor","meta":{},"content":"发送数据: { unitPrice: \u001b[33m1.7117\u001b[39m, totalStock: \u001b[33m1166\u001b[39m, personalStock: \u001b[33m0\u001b[39m, totalMoney: \u001b[33m1995.8326\u001b[39m, personalMoney: \u001b[33m0\u001b[39m }","timestamp":1773933834935}
{"id":672,"type":"info","level":2,"name":"stock-monitor","meta":{},"content":"发送数据: { unitPrice: \u001b[33m1.5063\u001b[39m, totalStock: \u001b[33m2106\u001b[39m, personalStock: \u001b[33m0\u001b[39m, totalMoney: \u001b[33m3172.2442\u001b[39m, personalMoney: \u001b[33m0\u001b[39m }","timestamp":1773933955199}
{"id":674,"type":"info","level":2,"name":"stock-monitor","meta":{},"content":"发送数据: { unitPrice: \u001b[33m0.8134\u001b[39m, totalStock: \u001b[33m3016\u001b[39m, personalStock: \u001b[33m0\u001b[39m, totalMoney: \u001b[33m2453.2022\u001b[39m, personalMoney: \u001b[33m0\u001b[39m }","timestamp":1773934076064}
{"id":676,"type":"info","level":2,"name":"stock-monitor","meta":{},"content":"发送数据: { unitPrice: \u001b[33m0.911\u001b[39m, totalStock: \u001b[33m6802\u001b[39m, personalStock: \u001b[33m0\u001b[39m, totalMoney: \u001b[33m6196.6455\u001b[39m, personalMoney: \u001b[33m0\u001b[39m }","timestamp":1773934195312}
{"id":678,"type":"info","level":2,"name":"stock-monitor","meta":{},"content":"发送数据: { unitPrice: \u001b[33m1.1023\u001b[39m, totalStock: \u001b[33m5526\u001b[39m, personalStock: \u001b[33m0\u001b[39m, totalMoney: \u001b[33m6091.3882\u001b[39m, personalMoney: \u001b[33m0\u001b[39m }","timestamp":1773934317079}
{"id":680,"type":"info","level":2,"name":"stock-monitor","meta":{},"content":"发送数据: { unitPrice: \u001b[33m0.1653\u001b[39m, totalStock: \u001b[33m1151\u001b[39m, personalStock: \u001b[33m0\u001b[39m, totalMoney: \u001b[33m190.3145\u001b[39m, personalMoney: \u001b[33m0\u001b[39m }","timestamp":1773934436156}
{"id":682,"type":"info","level":2,"name":"stock-monitor","meta":{},"content":"发送数据: { unitPrice: \u001b[33m0.1025\u001b[39m, totalStock: \u001b[33m16084\u001b[39m, personalStock: \u001b[33m0\u001b[39m, totalMoney: \u001b[33m1648.8548\u001b[39m, personalMoney: \u001b[33m0\u001b[39m }","timestamp":1773934555424}
{"id":693,"type":"info","level":2,"name":"stock-monitor","meta":{},"content":"发送数据: { unitPrice: \u001b[33m0.1856\u001b[39m, totalStock: \u001b[33m45617\u001b[39m, personalStock: \u001b[33m0\u001b[39m, totalMoney: \u001b[33m8464.3505\u001b[39m, personalMoney: \u001b[33m0\u001b[39m }","timestamp":1773934678468}
{"id":695,"type":"info","level":2,"name":"stock-monitor","meta":{},"content":"发送数据: { unitPrice: \u001b[33m0.0037\u001b[39m, totalStock: \u001b[33m6509\u001b[39m, personalStock: \u001b[33m0\u001b[39m, totalMoney: \u001b[33m24.1552\u001b[39m, personalMoney: \u001b[33m0\u001b[39m }","timestamp":1773934795956}
{"id":697,"type":"info","level":2,"name":"stock-monitor","meta":{},"content":"发送数据: { unitPrice: \u001b[33m0.0636\u001b[39m, totalStock: \u001b[33m6508\u001b[39m, personalStock: \u001b[33m0\u001b[39m, totalMoney: \u001b[33m414.1515\u001b[39m, personalMoney: \u001b[33m0\u001b[39m }","timestamp":1773934917050}
{"id":699,"type":"info","level":2,"name":"stock-monitor","meta":{},"content":"发送数据: { unitPrice: \u001b[33m0.1789\u001b[39m, totalStock: \u001b[33m6508\u001b[39m, personalStock: \u001b[33m0\u001b[39m, totalMoney: \u001b[33m1164.1515\u001b[39m, personalMoney: \u001b[33m0\u001b[39m }","timestamp":1773935036398}
{"id":701,"type":"info","level":2,"name":"stock-monitor","meta":{},"content":"发送数据: { unitPrice: \u001b[33m0.034\u001b[39m, totalStock: \u001b[33m6475\u001b[39m, personalStock: \u001b[33m0\u001b[39m, totalMoney: \u001b[33m220.0672\u001b[39m, personalMoney: \u001b[33m0\u001b[39m }","timestamp":1773935156679}
{"id":703,"type":"info","level":2,"name":"stock-monitor","meta":{},"content":"发送数据: { unitPrice: \u001b[33m1\u001b[39m, totalStock: \u001b[33m1000\u001b[39m, personalStock: \u001b[33m0\u001b[39m, totalMoney: \u001b[33m1000\u001b[39m, personalMoney: \u001b[33m0\u001b[39m }","timestamp":1773935276277}
{"id":704,"type":"info","level":2,"name":"stock-monitor","meta":{},"content":"发送数据: { unitPrice: \u001b[33m1\u001b[39m, totalStock: \u001b[33m1578\u001b[39m, personalStock: \u001b[33m0\u001b[39m, totalMoney: \u001b[33m1578\u001b[39m, personalMoney: \u001b[33m0\u001b[39m }","timestamp":1773935345022}
{"id":706,"type":"info","level":2,"name":"stock-monitor","meta":{},"content":"发送数据: { unitPrice: \u001b[33m1.65\u001b[39m, totalStock: \u001b[33m2078\u001b[39m, personalStock: \u001b[33m0\u001b[39m, totalMoney: \u001b[33m3428.7\u001b[39m, personalMoney: \u001b[33m0\u001b[39m }","timestamp":1773935396537}
{"id":708,"type":"info","level":2,"name":"stock-monitor","meta":{},"content":"发送数据: { unitPrice: \u001b[33m2.475\u001b[39m, totalStock: \u001b[33m1502\u001b[39m, personalStock: \u001b[33m0\u001b[39m, totalMoney: \u001b[33m3717.45\u001b[39m, personalMoney: \u001b[33m0\u001b[39m }","timestamp":1773935516807}
{"id":710,"type":"info","level":2,"name":"stock-monitor","meta":{},"content":"发送数据: { unitPrice: \u001b[33m0.1485\u001b[39m, totalStock: \u001b[33m1154\u001b[39m, personalStock: \u001b[33m0\u001b[39m, totalMoney: \u001b[33m171.369\u001b[39m, personalMoney: \u001b[33m0\u001b[39m }","timestamp":1773935637754}
{"id":711,"type":"info","level":2,"name":"stock-monitor","meta":{},"content":"发送数据: { unitPrice: \u001b[33m0.1485\u001b[39m, totalStock: \u001b[33m1455\u001b[39m, personalStock: \u001b[33m0\u001b[39m, totalMoney: \u001b[33m216.0675\u001b[39m, personalMoney: \u001b[33m0\u001b[39m }","timestamp":1773935686231}
{"id":713,"type":"info","level":2,"name":"stock-monitor","meta":{},"content":"发送数据: { unitPrice: \u001b[33m0.1292\u001b[39m, totalStock: \u001b[33m7044\u001b[39m, personalStock: \u001b[33m0\u001b[39m, totalMoney: \u001b[33m910.0496\u001b[39m, personalMoney: \u001b[33m0\u001b[39m }","timestamp":1773935756377}
{"id":715,"type":"info","level":2,"name":"stock-monitor","meta":{},"content":"发送数据: { unitPrice: \u001b[33m0.2067\u001b[39m, totalStock: \u001b[33m11780\u001b[39m, personalStock: \u001b[33m0\u001b[39m, totalMoney: \u001b[33m2435.0674\u001b[39m, personalMoney: \u001b[33m0\u001b[39m }","timestamp":1773935884028}
{"id":717,"type":"info","level":2,"name":"stock-monitor","meta":{},"content":"发送数据: { unitPrice: \u001b[33m0.0675\u001b[39m, totalStock: \u001b[33m3160\u001b[39m, personalStock: \u001b[33m0\u001b[39m, totalMoney: \u001b[33m213.2099\u001b[39m, personalMoney: \u001b[33m0\u001b[39m }","timestamp":1773936004608}
{"id":729,"type":"info","level":2,"name":"stock-monitor","meta":{},"content":"发送数据: { unitPrice: \u001b[33m0.0137\u001b[39m, totalStock: \u001b[33m3160\u001b[39m, personalStock: \u001b[33m0\u001b[39m, totalMoney: \u001b[33m43.2099\u001b[39m, personalMoney: \u001b[33m0\u001b[39m }","timestamp":1773936124583}
{"id":731,"type":"info","level":2,"name":"stock-monitor","meta":{},"content":"发送数据: { unitPrice: \u001b[33m0.2289\u001b[39m, totalStock: \u001b[33m3160\u001b[39m, personalStock: \u001b[33m0\u001b[39m, totalMoney: \u001b[33m723.2099\u001b[39m, personalMoney: \u001b[33m0\u001b[39m }","timestamp":1773936244460}
{"id":739,"type":"info","level":2,"name":"stock-monitor","meta":{},"content":"发送数据: { unitPrice: \u001b[33m0.4854\u001b[39m, totalStock: \u001b[33m3158\u001b[39m, personalStock: \u001b[33m0\u001b[39m, totalMoney: \u001b[33m1532.7522\u001b[39m, personalMoney: \u001b[33m0\u001b[39m }","timestamp":1773936363935}
{"id":747,"type":"info","level":2,"name":"stock-monitor","meta":{},"content":"发送数据: { unitPrice: \u001b[33m0.961\u001b[39m, totalStock: \u001b[33m2858\u001b[39m, personalStock: \u001b[33m0\u001b[39m, totalMoney: \u001b[33m2746.5483\u001b[39m, personalMoney: \u001b[33m0\u001b[39m }","timestamp":1773936484176}
{"id":749,"type":"info","level":2,"name":"stock-monitor","meta":{},"content":"发送数据: { unitPrice: \u001b[33m1.1724\u001b[39m, totalStock: \u001b[33m1435\u001b[39m, personalStock: \u001b[33m0\u001b[39m, totalMoney: \u001b[33m1682.429\u001b[39m, personalMoney: \u001b[33m0\u001b[39m }","timestamp":1773936604793}
{"id":754,"type":"info","level":2,"name":"stock-monitor","meta":{},"content":"发送数据: { unitPrice: \u001b[33m0.2697\u001b[39m, totalStock: \u001b[33m1418\u001b[39m, personalStock: \u001b[33m0\u001b[39m, totalMoney: \u001b[33m382.3745\u001b[39m, personalMoney: \u001b[33m0\u001b[39m }","timestamp":1773936723750}
{"id":756,"type":"info","level":2,"name":"stock-monitor","meta":{},"content":"发送数据: { unitPrice: \u001b[33m0.4407\u001b[39m, totalStock: \u001b[33m3332\u001b[39m, personalStock: \u001b[33m0\u001b[39m, totalMoney: \u001b[33m1468.4991\u001b[39m, personalMoney: \u001b[33m0\u001b[39m }","timestamp":1773936844152}
{"id":768,"type":"info","level":2,"name":"stock-monitor","meta":{},"content":"发送数据: { unitPrice: \u001b[33m0.2101\u001b[39m, totalStock: \u001b[33m1778\u001b[39m, personalStock: \u001b[33m0\u001b[39m, totalMoney: \u001b[33m373.6109\u001b[39m, personalMoney: \u001b[33m0\u001b[39m }","timestamp":1773936964427}
{"id":770,"type":"info","level":2,"name":"stock-monitor","meta":{},"content":"发送数据: { unitPrice: \u001b[33m0.0906\u001b[39m, totalStock: \u001b[33m3347\u001b[39m, personalStock: \u001b[33m0\u001b[39m, totalMoney: \u001b[33m303.3046\u001b[39m, personalMoney: \u001b[33m0\u001b[39m }","timestamp":1773937085058}
{"id":772,"type":"info","level":2,"name":"stock-monitor","meta":{},"content":"发送数据: { unitPrice: \u001b[33m0.0515\u001b[39m, totalStock: \u001b[33m3321\u001b[39m, personalStock: \u001b[33m0\u001b[39m, totalMoney: \u001b[33m170.9485\u001b[39m, personalMoney: \u001b[33m0\u001b[39m }","timestamp":1773937204150}
{"id":774,"type":"info","level":2,"name":"stock-monitor","meta":{},"content":"发送数据: { unitPrice: \u001b[33m1\u001b[39m, totalStock: \u001b[33m1000\u001b[39m, personalStock: \u001b[33m0\u001b[39m, totalMoney: \u001b[33m1000\u001b[39m, personalMoney: \u001b[33m0\u001b[39m }","timestamp":1773937326074}
{"id":776,"type":"info","level":2,"name":"stock-monitor","meta":{},"content":"发送数据: { unitPrice: \u001b[33m1.52\u001b[39m, totalStock: \u001b[33m2375\u001b[39m, personalStock: \u001b[33m0\u001b[39m, totalMoney: \u001b[33m3610\u001b[39m, personalMoney: \u001b[33m0\u001b[39m }","timestamp":1773937445973}
{"id":778,"type":"info","level":2,"name":"stock-monitor","meta":{},"content":"发送数据: { unitPrice: \u001b[33m0.6688\u001b[39m, totalStock: \u001b[33m1038\u001b[39m, personalStock: \u001b[33m0\u001b[39m, totalMoney: \u001b[33m694.2144\u001b[39m, personalMoney: \u001b[33m0\u001b[39m }","timestamp":1773937565515}
{"id":780,"type":"info","level":2,"name":"stock-monitor","meta":{},"content":"发送数据: { unitPrice: \u001b[33m0.9965\u001b[39m, totalStock: \u001b[33m2054\u001b[39m, personalStock: \u001b[33m0\u001b[39m, totalMoney: \u001b[33m2046.8356\u001b[39m, personalMoney: \u001b[33m0\u001b[39m }","timestamp":1773937686131}
{"id":782,"type":"info","level":2,"name":"stock-monitor","meta":{},"content":"发送数据: { unitPrice: \u001b[33m1.9831\u001b[39m, totalStock: \u001b[33m1036\u001b[39m, personalStock: \u001b[33m0\u001b[39m, totalMoney: \u001b[33m2054.449\u001b[39m, personalMoney: \u001b[33m0\u001b[39m }","timestamp":1773937805336}
{"id":784,"type":"info","level":2,"name":"stock-monitor","meta":{},"content":"发送数据: { unitPrice: \u001b[33m3.3514\u001b[39m, totalStock: \u001b[33m1124\u001b[39m, personalStock: \u001b[33m0\u001b[39m, totalMoney: \u001b[33m3766.9393\u001b[39m, personalMoney: \u001b[33m0\u001b[39m }","timestamp":1773937925617}
{"id":795,"type":"info","level":2,"name":"stock-monitor","meta":{},"content":"发送数据: { unitPrice: \u001b[33m5.5298\u001b[39m, totalStock: \u001b[33m2180\u001b[39m, personalStock: \u001b[33m0\u001b[39m, totalMoney: \u001b[33m12054.8761\u001b[39m, personalMoney: \u001b[33m0\u001b[39m }","timestamp":1773938048488}
{"id":803,"type":"info","level":2,"name":"stock-monitor","meta":{},"content":"发送数据: { unitPrice: \u001b[33m0.0553\u001b[39m, totalStock: \u001b[33m1217\u001b[39m, personalStock: \u001b[33m0\u001b[39m, totalMoney: \u001b[33m67.2972\u001b[39m, personalMoney: \u001b[33m0\u001b[39m }","timestamp":1773938166157}
{"id":805,"type":"info","level":2,"name":"stock-monitor","meta":{},"content":"发送数据: { unitPrice: \u001b[33m0.3683\u001b[39m, totalStock: \u001b[33m1214\u001b[39m, personalStock: \u001b[33m0\u001b[39m, totalMoney: \u001b[33m447.1313\u001b[39m, personalMoney: \u001b[33m0\u001b[39m }","timestamp":1773938286216}
{"id":807,"type":"info","level":2,"name":"stock-monitor","meta":{},"content":"发送数据: { unitPrice: \u001b[33m0.221\u001b[39m, totalStock: \u001b[33m3036\u001b[39m, personalStock: \u001b[33m0\u001b[39m, totalMoney: \u001b[33m670.9179\u001b[39m, personalMoney: \u001b[33m0\u001b[39m }","timestamp":1773938405675}
{"id":809,"type":"info","level":2,"name":"stock-monitor","meta":{},"content":"发送数据: { unitPrice: \u001b[33m0.3735\u001b[39m, totalStock: \u001b[33m12884\u001b[39m, personalStock: \u001b[33m0\u001b[39m, totalMoney: \u001b[33m4811.772\u001b[39m, personalMoney: \u001b[33m0\u001b[39m }","timestamp":1773938526570}
{"id":811,"type":"info","level":2,"name":"stock-monitor","meta":{},"content":"发送数据: { unitPrice: \u001b[33m0.056\u001b[39m, totalStock: \u001b[33m4459\u001b[39m, personalStock: \u001b[33m0\u001b[39m, totalMoney: \u001b[33m249.7946\u001b[39m, personalMoney: \u001b[33m0\u001b[39m }","timestamp":1773938646962}
{"id":813,"type":"info","level":2,"name":"stock-monitor","meta":{},"content":"发送数据: { unitPrice: \u001b[33m0.004\u001b[39m, totalStock: \u001b[33m3459\u001b[39m, personalStock: \u001b[33m0\u001b[39m, totalMoney: \u001b[33m13.7743\u001b[39m, personalMoney: \u001b[33m0\u001b[39m }","timestamp":1773938765806}
{"id":815,"type":"info","level":2,"name":"stock-monitor","meta":{},"content":"发送数据: { unitPrice: \u001b[33m0.1023\u001b[39m, totalStock: \u001b[33m3459\u001b[39m, personalStock: \u001b[33m0\u001b[39m, totalMoney: \u001b[33m353.7743\u001b[39m, personalMoney: \u001b[33m0\u001b[39m }","timestamp":1773938887117}
{"id":817,"type":"info","level":2,"name":"stock-monitor","meta":{},"content":"发送数据: { unitPrice: \u001b[33m0.1769\u001b[39m, totalStock: \u001b[33m45257\u001b[39m, personalStock: \u001b[33m0\u001b[39m, totalMoney: \u001b[33m8007.6958\u001b[39m, personalMoney: \u001b[33m0\u001b[39m }","timestamp":1773939006482}
{"id":819,"type":"info","level":2,"name":"stock-monitor","meta":{},"content":"发送数据: { unitPrice: \u001b[33m0.0876\u001b[39m, totalStock: \u001b[33m3693\u001b[39m, personalStock: \u001b[33m0\u001b[39m, totalMoney: \u001b[33m323.4331\u001b[39m, personalMoney: \u001b[33m0\u001b[39m }","timestamp":1773939126320}
{"id":821,"type":"info","level":2,"name":"stock-monitor","meta":{},"content":"发送数据: { unitPrice: \u001b[33m1\u001b[39m, totalStock: \u001b[33m1000\u001b[39m, personalStock: \u001b[33m0\u001b[39m, totalMoney: \u001b[33m1000\u001b[39m, personalMoney: \u001b[33m0\u001b[39m }","timestamp":1773939246340}
{"id":823,"type":"info","level":2,"name":"stock-monitor","meta":{},"content":"发送数据: { unitPrice: \u001b[33m0.76\u001b[39m, totalStock: \u001b[33m2770\u001b[39m, personalStock: \u001b[33m0\u001b[39m, totalMoney: \u001b[33m2105.2\u001b[39m, personalMoney: \u001b[33m0\u001b[39m }","timestamp":1773939366769}
{"id":825,"type":"info","level":2,"name":"stock-monitor","meta":{},"content":"发送数据: { unitPrice: \u001b[33m0.7296\u001b[39m, totalStock: \u001b[33m3326\u001b[39m, personalStock: \u001b[33m0\u001b[39m, totalMoney: \u001b[33m2426.6496\u001b[39m, personalMoney: \u001b[33m0\u001b[39m }","timestamp":1773939486834}
{"id":827,"type":"info","level":2,"name":"stock-monitor","meta":{},"content":"发送数据: { unitPrice: \u001b[33m1.233\u001b[39m, totalStock: \u001b[33m4440\u001b[39m, personalStock: \u001b[33m0\u001b[39m, totalMoney: \u001b[33m5474.6266\u001b[39m, personalMoney: \u001b[33m0\u001b[39m }","timestamp":1773939607027}
{"id":829,"type":"info","level":2,"name":"stock-monitor","meta":{},"content":"发送数据: { unitPrice: \u001b[33m1.2207\u001b[39m, totalStock: \u001b[33m1285\u001b[39m, personalStock: \u001b[33m0\u001b[39m, totalMoney: \u001b[33m1568.5915\u001b[39m, personalMoney: \u001b[33m0\u001b[39m }","timestamp":1773939727426}
{"id":831,"type":"info","level":2,"name":"stock-monitor","meta":{},"content":"发送数据: { unitPrice: \u001b[33m0.6226\u001b[39m, totalStock: \u001b[33m1426\u001b[39m, personalStock: \u001b[33m0\u001b[39m, totalMoney: \u001b[33m887.7617\u001b[39m, personalMoney: \u001b[33m0\u001b[39m }","timestamp":1773939847016}
{"id":833,"type":"info","level":2,"name":"stock-monitor","meta":{},"content":"发送数据: { unitPrice: \u001b[33m0.1992\u001b[39m, totalStock: \u001b[33m2013\u001b[39m, personalStock: \u001b[33m0\u001b[39m, totalMoney: \u001b[33m401.0243\u001b[39m, personalMoney: \u001b[33m0\u001b[39m }","timestamp":1773939968406}
{"id":835,"type":"info","level":2,"name":"stock-monitor","meta":{},"content":"发送数据: { unitPrice: \u001b[33m0.3745\u001b[39m, totalStock: \u001b[33m8256\u001b[39m, personalStock: \u001b[33m0\u001b[39m, totalMoney: \u001b[33m3092.1063\u001b[39m, personalMoney: \u001b[33m0\u001b[39m }","timestamp":1773940086601}
{"id":837,"type":"info","level":2,"name":"stock-monitor","meta":{},"content":"发送数据: { unitPrice: \u001b[33m0.0337\u001b[39m, totalStock: \u001b[33m3549\u001b[39m, personalStock: \u001b[33m0\u001b[39m, totalMoney: \u001b[33m119.6281\u001b[39m, personalMoney: \u001b[33m0\u001b[39m }","timestamp":1773940206873}
{"id":839,"type":"info","level":2,"name":"stock-monitor","meta":{},"content":"发送数据: { unitPrice: \u001b[33m0.1071\u001b[39m, totalStock: \u001b[33m3545\u001b[39m, personalStock: \u001b[33m0\u001b[39m, totalMoney: \u001b[33m379.4933\u001b[39m, personalMoney: \u001b[33m0\u001b[39m }","timestamp":1773940326603}
{"id":841,"type":"info","level":2,"name":"stock-monitor","meta":{},"content":"发送数据: { unitPrice: \u001b[33m0.1779\u001b[39m, totalStock: \u001b[33m8889\u001b[39m, personalStock: \u001b[33m0\u001b[39m, totalMoney: \u001b[33m1581.57\u001b[39m, personalMoney: \u001b[33m0\u001b[39m }","timestamp":1773940446665}
{"id":843,"type":"info","level":2,"name":"stock-monitor","meta":{},"content":"发送数据: { unitPrice: \u001b[33m0.0222\u001b[39m, totalStock: \u001b[33m4366\u001b[39m, personalStock: \u001b[33m0\u001b[39m, totalMoney: \u001b[33m96.8179\u001b[39m, personalMoney: \u001b[33m0\u001b[39m }","timestamp":1773940567478}
{"id":845,"type":"info","level":2,"name":"stock-monitor","meta":{},"content":"发送数据: { unitPrice: \u001b[33m0.2307\u001b[39m, totalStock: \u001b[33m4364\u001b[39m, personalStock: \u001b[33m0\u001b[39m, totalMoney: \u001b[33m1006.7736\u001b[39m, personalMoney: \u001b[33m0\u001b[39m }","timestamp":1773940686786}
{"id":847,"type":"info","level":2,"name":"stock-monitor","meta":{},"content":"发送数据: { unitPrice: \u001b[33m0.0415\u001b[39m, totalStock: \u001b[33m4857\u001b[39m, personalStock: \u001b[33m0\u001b[39m, totalMoney: \u001b[33m201.6915\u001b[39m, personalMoney: \u001b[33m0\u001b[39m }","timestamp":1773940806826}
{"id":864,"type":"info","level":2,"name":"stock-monitor","meta":{},"content":"发送数据: { unitPrice: \u001b[33m1\u001b[39m, totalStock: \u001b[33m1000\u001b[39m, personalStock: \u001b[33m0\u001b[39m, totalMoney: \u001b[33m1000\u001b[39m, personalMoney: \u001b[33m0\u001b[39m }","timestamp":1773940926837}
{"id":866,"type":"info","level":2,"name":"stock-monitor","meta":{},"content":"发送数据: { unitPrice: \u001b[33m0.81\u001b[39m, totalStock: \u001b[33m2443\u001b[39m, personalStock: \u001b[33m0\u001b[39m, totalMoney: \u001b[33m1978.83\u001b[39m, personalMoney: \u001b[33m0\u001b[39m }","timestamp":1773941047194}
{"id":868,"type":"info","level":2,"name":"stock-monitor","meta":{},"content":"发送数据: { unitPrice: \u001b[33m0.8667\u001b[39m, totalStock: \u001b[33m3004\u001b[39m, personalStock: \u001b[33m0\u001b[39m, totalMoney: \u001b[33m2603.5668\u001b[39m, personalMoney: \u001b[33m0\u001b[39m }","timestamp":1773941167420}
{"id":879,"type":"info","level":2,"name":"stock-monitor","meta":{},"content":"发送数据: { unitPrice: \u001b[33m0.702\u001b[39m, totalStock: \u001b[33m2253\u001b[39m, personalStock: \u001b[33m0\u001b[39m, totalMoney: \u001b[33m1581.6668\u001b[39m, personalMoney: \u001b[33m0\u001b[39m }","timestamp":1773941288312}
{"id":884,"type":"info","level":2,"name":"stock-monitor","meta":{},"content":"发送数据: { unitPrice: \u001b[33m0.2949\u001b[39m, totalStock: \u001b[33m2810\u001b[39m, personalStock: \u001b[33m0\u001b[39m, totalMoney: \u001b[33m828.5323\u001b[39m, personalMoney: \u001b[33m0\u001b[39m }","timestamp":1773941407622}
{"id":886,"type":"info","level":2,"name":"stock-monitor","meta":{},"content":"发送数据: { unitPrice: \u001b[33m0.3833\u001b[39m, totalStock: \u001b[33m8004\u001b[39m, personalStock: \u001b[33m0\u001b[39m, totalMoney: \u001b[33m3067.9872\u001b[39m, personalMoney: \u001b[33m0\u001b[39m }","timestamp":1773941527378}
{"id":888,"type":"info","level":2,"name":"stock-monitor","meta":{},"content":"发送数据: { unitPrice: \u001b[33m0.3105\u001b[39m, totalStock: \u001b[33m3321\u001b[39m, personalStock: \u001b[33m0\u001b[39m, totalMoney: \u001b[33m1031.099\u001b[39m, personalMoney: \u001b[33m0\u001b[39m }","timestamp":1773941647845}
{"id":899,"type":"info","level":2,"name":"stock-monitor","meta":{},"content":"发送数据: { unitPrice: \u001b[33m1\u001b[39m, totalStock: \u001b[33m1000\u001b[39m, personalStock: \u001b[33m0\u001b[39m, totalMoney: \u001b[33m1000\u001b[39m, personalMoney: \u001b[33m0\u001b[39m }","timestamp":1773941767401}
{"id":901,"type":"info","level":2,"name":"stock-monitor","meta":{},"content":"发送数据: { unitPrice: \u001b[33m1.73\u001b[39m, totalStock: \u001b[33m2070\u001b[39m, personalStock: \u001b[33m0\u001b[39m, totalMoney: \u001b[33m3581.1\u001b[39m, personalMoney: \u001b[33m0\u001b[39m }","timestamp":1773941887851}
{"id":903,"type":"info","level":2,"name":"stock-monitor","meta":{},"content":"发送数据: { unitPrice: \u001b[33m2.5604\u001b[39m, totalStock: \u001b[33m1451\u001b[39m, personalStock: \u001b[33m0\u001b[39m, totalMoney: \u001b[33m3715.1404\u001b[39m, personalMoney: \u001b[33m0\u001b[39m }","timestamp":1773942008139}
{"id":905,"type":"info","level":2,"name":"stock-monitor","meta":{},"content":"发送数据: { unitPrice: \u001b[33m2.2019\u001b[39m, totalStock: \u001b[33m1436\u001b[39m, personalStock: \u001b[33m0\u001b[39m, totalMoney: \u001b[33m3161.9916\u001b[39m, personalMoney: \u001b[33m0\u001b[39m }","timestamp":1773942127631}
{"id":907,"type":"info","level":2,"name":"stock-monitor","meta":{},"content":"发送数据: { unitPrice: \u001b[33m1.2771\u001b[39m, totalStock: \u001b[33m1336\u001b[39m, personalStock: \u001b[33m0\u001b[39m, totalMoney: \u001b[33m1706.2424\u001b[39m, personalMoney: \u001b[33m0\u001b[39m }","timestamp":1773942248393}
{"id":909,"type":"info","level":2,"name":"stock-monitor","meta":{},"content":"发送数据: { unitPrice: \u001b[33m0.3193\u001b[39m, totalStock: \u001b[33m1470\u001b[39m, personalStock: \u001b[33m0\u001b[39m, totalMoney: \u001b[33m469.3444\u001b[39m, personalMoney: \u001b[33m0\u001b[39m }","timestamp":1773942367592}
{"id":911,"type":"info","level":2,"name":"stock-monitor","meta":{},"content":"发送数据: { unitPrice: \u001b[33m0.1086\u001b[39m, totalStock: \u001b[33m6395\u001b[39m, personalStock: \u001b[33m0\u001b[39m, totalMoney: \u001b[33m694.2146\u001b[39m, personalMoney: \u001b[33m0\u001b[39m }","timestamp":1773942487978}
{"id":912,"type":"warn","level":2,"name":"stock-monitor","meta":{},"content":"发送失败 (尝试 1/1)","timestamp":1773942497995}
{"id":913,"type":"error","level":1,"name":"stock-monitor","meta":{},"content":"错误信息: HTTPError: fetch http://felinus.gnway.cc:8000/stock failed at \u001b[90mE:\\Desktop\\test\\koishiBot\\koishiBot\\\u001b[39mnode_modules\\\u001b[4m@cordisjs\u001b[24m\\plugin-http\\lib\\index.cjs:327:23 \u001b[90m    at process.processTicksAndRejections (node:internal/process/task_queues:95:5)\u001b[39m \u001b[90m    ... 3 lines matching cause stack trace ...\u001b[39m at <anonymous> (e:\\Desktop\\test\\koishiBot\\koishiBot\\external\\iirosestock\\lib\\index.js:94:9) { response: \u001b[90mundefined\u001b[39m, code: \u001b[90mundefined\u001b[39m, cause: TypeError: fetch failed \u001b[90m    at Object.fetch (node:internal/deps/undici/undici:11118:11)\u001b[39m \u001b[90m    at process.processTicksAndRejections (node:internal/process/task_queues:95:5)\u001b[39m at async [cordis.invoke] \u001b[90m(E:\\Desktop\\test\\koishiBot\\koishiBot\\\u001b[39mnode_modules\\\u001b[4m@cordisjs\u001b[24m\\plugin-http\\lib\\index.cjs:325:19\u001b[90m)\u001b[39m at async Proxy.<anonymous> \u001b[90m(E:\\Desktop\\test\\koishiBot\\koishiBot\\\u001b[39mnode_modules\\\u001b[4m@cordisjs\u001b[24m\\plugin-http\\lib\\index.cjs:184:26\u001b[90m)\u001b[39m at sendStockData (e:\\Desktop\\test\\koishiBot\\koishiBot\\external\\iirosestock\\lib\\index.js:51:27) at <anonymous> (e:\\Desktop\\test\\koishiBot\\koishiBot\\external\\iirosestock\\lib\\index.js:94:9) { cause: ConnectTimeoutError: Connect Timeout Error at onConnectTimeout \u001b[90m(E:\\Desktop\\test\\koishiBot\\koishiBot\\\u001b[39mnode_modules\\\u001b[4mundici\u001b[24m\\lib\\core\\connect.js:190:24\u001b[90m)\u001b[39m at \u001b[90mE:\\Desktop\\test\\koishiBot\\koishiBot\\\u001b[39mnode_modules\\\u001b[4mundici\u001b[24m\\lib\\core\\connect.js:133:46 at Immediate._onImmediate \u001b[90m(E:\\Desktop\\test\\koishiBot\\koishiBot\\\u001b[39mnode_modules\\\u001b[4mundici\u001b[24m\\lib\\core\\connect.js:172:33\u001b[90m)\u001b[39m \u001b[90m    at process.processImmediate (node:internal/timers:471:21)\u001b[39m { code: \u001b[32m'UND_ERR_CONNECT_TIMEOUT'\u001b[39m } }, [\u001b[32mSymbol(cordis.http.error)\u001b[39m]: \u001b[33mtrue\u001b[39m }","timestamp":1773942497995}
{"id":914,"type":"error","level":1,"name":"stock-monitor","meta":{},"content":"发送失败，达到最大重试次数","timestamp":1773942497998}
{"id":916,"type":"info","level":2,"name":"stock-monitor","meta":{},"content":"发送数据: { unitPrice: \u001b[33m0.0836\u001b[39m, totalStock: \u001b[33m48443\u001b[39m, personalStock: \u001b[33m0\u001b[39m, totalMoney: \u001b[33m4049.2533\u001b[39m, personalMoney: \u001b[33m0\u001b[39m }","timestamp":1773942607869}
{"id":918,"type":"info","level":2,"name":"stock-monitor","meta":{},"content":"发送数据: { unitPrice: \u001b[33m0.1212\u001b[39m, totalStock: \u001b[33m48443\u001b[39m, personalStock: \u001b[33m0\u001b[39m, totalMoney: \u001b[33m5871.4173\u001b[39m, personalMoney: \u001b[33m0\u001b[39m }","timestamp":1773942727824}
