{"id":1,"type":"info","level":2,"name":"app","meta":{},"content":"\u001b[38;5;15;1mKoishi/4.18.11\u001b[0m","timestamp":1773822501668}
{"id":2,"type":"info","level":2,"name":"loader","meta":{"paths":[]},"content":"apply plugin \u001b[38;5;45mgroup:entry\u001b[0m","timestamp":1773822501706}
{"id":3,"type":"info","level":2,"name":"loader","meta":{"paths":[]},"content":"apply plugin \u001b[38;5;45mgroup:server\u001b[0m","timestamp":1773822501708}
{"id":4,"type":"info","level":2,"name":"loader","meta":{"paths":[]},"content":"apply plugin \u001b[38;5;45mserver:qwahpd\u001b[0m","timestamp":1773822501709}
{"id":5,"type":"info","level":2,"name":"loader","meta":{"paths":[]},"content":"apply plugin \u001b[38;5;45mgroup:basic\u001b[0m","timestamp":1773822502375}
{"id":6,"type":"info","level":2,"name":"loader","meta":{"paths":[]},"content":"apply plugin \u001b[38;5;45mcommands:q4pd8h\u001b[0m","timestamp":1773822502376}
{"id":7,"type":"info","level":2,"name":"loader","meta":{"paths":[]},"content":"apply plugin \u001b[38;5;45mhelp:ncm4eq\u001b[0m","timestamp":1773822502395}
{"id":8,"type":"info","level":2,"name":"loader","meta":{"paths":[]},"content":"apply plugin \u001b[38;5;45mhttp:jtb3z8\u001b[0m","timestamp":1773822502413}
{"id":9,"type":"info","level":2,"name":"loader","meta":{"paths":[]},"content":"apply plugin \u001b[38;5;45mlocales:hdsaoj\u001b[0m","timestamp":1773822502432}
{"id":10,"type":"info","level":2,"name":"loader","meta":{"paths":[]},"content":"apply plugin \u001b[38;5;45mproxy-agent:yp8plh\u001b[0m","timestamp":1773822502478}
{"id":11,"type":"info","level":2,"name":"loader","meta":{"paths":[]},"content":"apply plugin \u001b[38;5;45mrate-limit:8jburr\u001b[0m","timestamp":1773822502796}
{"id":12,"type":"info","level":2,"name":"loader","meta":{"paths":[]},"content":"apply plugin \u001b[38;5;45mtelemetry:3kqtr7\u001b[0m","timestamp":1773822502843}
{"id":13,"type":"info","level":2,"name":"loader","meta":{"paths":[]},"content":"apply plugin \u001b[38;5;45mgroup:console\u001b[0m","timestamp":1773822502949}
{"id":14,"type":"info","level":2,"name":"loader","meta":{"paths":[]},"content":"apply plugin \u001b[38;5;45mactions:u6i962\u001b[0m","timestamp":1773822502950}
{"id":15,"type":"info","level":2,"name":"loader","meta":{"paths":[]},"content":"apply plugin \u001b[38;5;45manalytics:2zoul1\u001b[0m","timestamp":1773822502975}
{"id":16,"type":"info","level":2,"name":"loader","meta":{"paths":[]},"content":"apply plugin \u001b[38;5;45mconfig:v8j4hz\u001b[0m","timestamp":1773822503007}
{"id":17,"type":"info","level":2,"name":"loader","meta":{"paths":[]},"content":"apply plugin \u001b[38;5;45mconsole:fyi3k1\u001b[0m","timestamp":1773822503178}
{"id":18,"type":"info","level":2,"name":"loader","meta":{"paths":[]},"content":"apply plugin \u001b[38;5;45mdataview:ip5q7k\u001b[0m","timestamp":1773822503253}
{"id":19,"type":"info","level":2,"name":"loader","meta":{"paths":[]},"content":"apply plugin \u001b[38;5;45mexplorer:id9max\u001b[0m","timestamp":1773822503367}
{"id":20,"type":"info","level":2,"name":"loader","meta":{"paths":[]},"content":"apply plugin \u001b[38;5;45mlogger:ykrpwv\u001b[0m","timestamp":1773822503615}
{"id":21,"type":"info","level":2,"name":"loader","meta":{"paths":[]},"content":"apply plugin \u001b[38;5;45minsight:w9xabz\u001b[0m","timestamp":1773822503660}
{"id":22,"type":"info","level":2,"name":"loader","meta":{"paths":[]},"content":"apply plugin \u001b[38;5;45mmarket:jamra7\u001b[0m","timestamp":1773822503713}
{"id":23,"type":"info","level":2,"name":"loader","meta":{"paths":[]},"content":"apply plugin \u001b[38;5;45mnotifier:h2b0ys\u001b[0m","timestamp":1773822503893}
{"id":24,"type":"info","level":2,"name":"loader","meta":{"paths":[]},"content":"apply plugin \u001b[38;5;45moobe:ctdb4p\u001b[0m","timestamp":1773822503913}
{"id":25,"type":"info","level":2,"name":"loader","meta":{"paths":[]},"content":"apply plugin \u001b[38;5;45msandbox:7xwb4h\u001b[0m","timestamp":1773822503937}
{"id":26,"type":"info","level":2,"name":"loader","meta":{"paths":[]},"content":"apply plugin \u001b[38;5;45mstatus:waqviw\u001b[0m","timestamp":1773822503980}
{"id":27,"type":"info","level":2,"name":"loader","meta":{"paths":[]},"content":"apply plugin \u001b[38;5;45mtheme-vanilla:t9fcu1\u001b[0m","timestamp":1773822504064}
{"id":28,"type":"info","level":2,"name":"loader","meta":{"paths":[]},"content":"apply plugin \u001b[38;5;45mgroup:storage\u001b[0m","timestamp":1773822504092}
{"id":29,"type":"info","level":2,"name":"loader","meta":{"paths":[]},"content":"apply plugin \u001b[38;5;45mdatabase-sqlite:00uj7j\u001b[0m","timestamp":1773822504094}
{"id":30,"type":"info","level":2,"name":"loader","meta":{"paths":[]},"content":"apply plugin \u001b[38;5;45massets-local:bteaiw\u001b[0m","timestamp":1773822504163}
{"id":31,"type":"info","level":2,"name":"loader","meta":{"paths":[]},"content":"apply plugin \u001b[38;5;45mgroup:adapter\u001b[0m","timestamp":1773822504227}
{"id":32,"type":"info","level":2,"name":"loader","meta":{"paths":[]},"content":"apply plugin \u001b[38;5;45mgroup:develop\u001b[0m","timestamp":1773822504229}
{"id":33,"type":"info","level":2,"name":"loader","meta":{"paths":[]},"content":"apply plugin \u001b[38;5;45mhmr:e8pbr7\u001b[0m","timestamp":1773822504230}
{"id":34,"type":"info","level":2,"name":"loader","meta":{"paths":[]},"content":"apply plugin \u001b[38;5;45madapter-iirose:m2atf0\u001b[0m","timestamp":1773822504410}
{"id":35,"type":"info","level":2,"name":"loader","meta":{"paths":[]},"content":"apply plugin \u001b[38;5;45mstock-monitor:05tvar\u001b[0m","timestamp":1773822504497}
{"id":36,"type":"info","level":2,"name":"assets","meta":{"paths":["bteaiw"]},"content":"missing config \"selfUrl\", fallback to \"file:\" scheme","timestamp":1773822504880}
{"id":37,"type":"info","level":2,"name":"stock-monitor","meta":{},"content":"插件已启动","timestamp":1773822504893}
{"id":38,"type":"info","level":2,"name":"stock-monitor","meta":{},"content":"API 地址: http://felinus.gnway.cc:8000/stock","timestamp":1773822504893}
{"id":39,"type":"info","level":2,"name":"server","meta":{"paths":["qwahpd"]},"content":"server listening at \u001b[38;5;57mhttp://127.0.0.1:5140\u001b[0m","timestamp":1773822505294}
{"id":54,"type":"info","level":2,"name":"console","meta":{"paths":["fyi3k1"]},"content":"webui is available at \u001b[38;5;166mhttp://127.0.0.1:5140\u001b[0m","timestamp":1773822506824}
{"id":55,"type":"info","level":2,"name":"adapter-iirose","meta":{"paths":["m2atf0"]},"content":"[69b3b31f61f35] 找到可用服务器: wss://m9.iirose.com:8778, 延迟: 1604ms","timestamp":1773822508020}
{"id":56,"type":"info","level":2,"name":"adapter-iirose","meta":{"paths":["m2atf0"]},"content":"[69b3b31f61f35] 正在登录中...","timestamp":1773822508945}
{"id":57,"type":"info","level":2,"name":"adapter-iirose","meta":{"paths":["m2atf0"]},"content":"[69b3b31f61f35] [69b3b31f61f35] 登陆成功：欢迎回来，小冰股票！","timestamp":1773822518813}
{"id":66,"type":"info","level":2,"name":"stock-monitor","meta":{},"content":"发送数据: { unitPrice: \u001b[33m0.1922\u001b[39m, totalStock: \u001b[33m8284\u001b[39m, personalStock: \u001b[33m0\u001b[39m, totalMoney: \u001b[33m1592.1991\u001b[39m, personalMoney: \u001b[33m0\u001b[39m }","timestamp":1773822519011}
{"id":68,"type":"info","level":2,"name":"stock-monitor","meta":{},"content":"发送数据: { unitPrice: \u001b[33m0.3248\u001b[39m, totalStock: \u001b[33m32553\u001b[39m, personalStock: \u001b[33m0\u001b[39m, totalMoney: \u001b[33m10573.8952\u001b[39m, personalMoney: \u001b[33m0\u001b[39m }","timestamp":1773822593691}
{"id":70,"type":"info","level":2,"name":"stock-monitor","meta":{},"content":"发送数据: { unitPrice: \u001b[33m0.2274\u001b[39m, totalStock: \u001b[33m5110\u001b[39m, personalStock: \u001b[33m0\u001b[39m, totalMoney: \u001b[33m1161.8844\u001b[39m, personalMoney: \u001b[33m0\u001b[39m }","timestamp":1773822713183}
{"id":72,"type":"info","level":2,"name":"stock-monitor","meta":{},"content":"发送数据: { unitPrice: \u001b[33m0.0662\u001b[39m, totalStock: \u001b[33m2110\u001b[39m, personalStock: \u001b[33m0\u001b[39m, totalMoney: \u001b[33m139.7605\u001b[39m, personalMoney: \u001b[33m0\u001b[39m }","timestamp":1773822834386}
{"id":74,"type":"info","level":2,"name":"stock-monitor","meta":{},"content":"发送数据: { unitPrice: \u001b[33m0.4463\u001b[39m, totalStock: \u001b[33m2105\u001b[39m, personalStock: \u001b[33m0\u001b[39m, totalMoney: \u001b[33m939.4293\u001b[39m, personalMoney: \u001b[33m0\u001b[39m }","timestamp":1773822953489}
{"id":76,"type":"info","level":2,"name":"stock-monitor","meta":{},"content":"发送数据: { unitPrice: \u001b[33m0.228\u001b[39m, totalStock: \u001b[33m1191\u001b[39m, personalStock: \u001b[33m0\u001b[39m, totalMoney: \u001b[33m271.5251\u001b[39m, personalMoney: \u001b[33m0\u001b[39m }","timestamp":1773823074600}
{"id":78,"type":"info","level":2,"name":"stock-monitor","meta":{},"content":"发送数据: { unitPrice: \u001b[33m0.2645\u001b[39m, totalStock: \u001b[33m6691\u001b[39m, personalStock: \u001b[33m0\u001b[39m, totalMoney: \u001b[33m1769.4863\u001b[39m, personalMoney: \u001b[33m0\u001b[39m }","timestamp":1773823193948}
{"id":80,"type":"info","level":2,"name":"stock-monitor","meta":{},"content":"发送数据: { unitPrice: \u001b[33m0.3539\u001b[39m, totalStock: \u001b[33m1106\u001b[39m, personalStock: \u001b[33m0\u001b[39m, totalMoney: \u001b[33m391.4365\u001b[39m, personalMoney: \u001b[33m0\u001b[39m }","timestamp":1773823314259}
{"id":82,"type":"info","level":2,"name":"stock-monitor","meta":{},"content":"发送数据: { unitPrice: \u001b[33m0.3004\u001b[39m, totalStock: \u001b[33m2106\u001b[39m, personalStock: \u001b[33m0\u001b[39m, totalMoney: \u001b[33m632.6823\u001b[39m, personalMoney: \u001b[33m0\u001b[39m }","timestamp":1773823433964}
{"id":84,"type":"info","level":2,"name":"stock-monitor","meta":{},"content":"发送数据: { unitPrice: \u001b[33m0.2594\u001b[39m, totalStock: \u001b[33m1706\u001b[39m, personalStock: \u001b[33m0\u001b[39m, totalMoney: \u001b[33m442.5147\u001b[39m, personalMoney: \u001b[33m0\u001b[39m }","timestamp":1773823554405}
{"id":86,"type":"info","level":2,"name":"stock-monitor","meta":{},"content":"发送数据: { unitPrice: \u001b[33m0.1375\u001b[39m, totalStock: \u001b[33m3906\u001b[39m, personalStock: \u001b[33m0\u001b[39m, totalMoney: \u001b[33m536.9784\u001b[39m, personalMoney: \u001b[33m0\u001b[39m }","timestamp":1773823676429}
{"id":88,"type":"info","level":2,"name":"stock-monitor","meta":{},"content":"发送数据: { unitPrice: \u001b[33m0.0509\u001b[39m, totalStock: \u001b[33m8477\u001b[39m, personalStock: \u001b[33m0\u001b[39m, totalMoney: \u001b[33m431.1898\u001b[39m, personalMoney: \u001b[33m0\u001b[39m }","timestamp":1773823794299}
{"id":90,"type":"info","level":2,"name":"stock-monitor","meta":{},"content":"发送数据: { unitPrice: \u001b[33m0.1488\u001b[39m, totalStock: \u001b[33m8477\u001b[39m, personalStock: \u001b[33m0\u001b[39m, totalMoney: \u001b[33m1261.1898\u001b[39m, personalMoney: \u001b[33m0\u001b[39m }","timestamp":1773823915612}
{"id":91,"type":"info","level":2,"name":"stock-monitor","meta":{},"content":"发送数据: { unitPrice: \u001b[33m0.1488\u001b[39m, totalStock: \u001b[33m1637\u001b[39m, personalStock: \u001b[33m0\u001b[39m, totalMoney: \u001b[33m243.5493\u001b[39m, personalMoney: \u001b[33m0\u001b[39m }","timestamp":1773824005822}
{"id":93,"type":"info","level":2,"name":"stock-monitor","meta":{},"content":"发送数据: { unitPrice: \u001b[33m0.2398\u001b[39m, totalStock: \u001b[33m2638\u001b[39m, personalStock: \u001b[33m0\u001b[39m, totalMoney: \u001b[33m632.476\u001b[39m, personalMoney: \u001b[33m0\u001b[39m }","timestamp":1773824034758}
{"id":95,"type":"info","level":2,"name":"stock-monitor","meta":{},"content":"发送数据: { unitPrice: \u001b[33m0.8266\u001b[39m, totalStock: \u001b[33m1312\u001b[39m, personalStock: \u001b[33m0\u001b[39m, totalMoney: \u001b[33m1084.5597\u001b[39m, personalMoney: \u001b[33m0\u001b[39m }","timestamp":1773824154829}
{"id":97,"type":"info","level":2,"name":"stock-monitor","meta":{},"content":"发送数据: { unitPrice: \u001b[33m1.3805\u001b[39m, totalStock: \u001b[33m2012\u001b[39m, personalStock: \u001b[33m0\u001b[39m, totalMoney: \u001b[33m2777.564\u001b[39m, personalMoney: \u001b[33m0\u001b[39m }","timestamp":1773824275186}
{"id":99,"type":"info","level":2,"name":"stock-monitor","meta":{},"content":"发送数据: { unitPrice: \u001b[33m2.2226\u001b[39m, totalStock: \u001b[33m2766\u001b[39m, personalStock: \u001b[33m0\u001b[39m, totalMoney: \u001b[33m6147.721\u001b[39m, personalMoney: \u001b[33m0\u001b[39m }","timestamp":1773824395385}
{"id":101,"type":"info","level":2,"name":"stock-monitor","meta":{},"content":"发送数据: { unitPrice: \u001b[33m1\u001b[39m, totalStock: \u001b[33m1000\u001b[39m, personalStock: \u001b[33m0\u001b[39m, totalMoney: \u001b[33m1000\u001b[39m, personalMoney: \u001b[33m0\u001b[39m }","timestamp":1773824515041}
{"id":103,"type":"info","level":2,"name":"stock-monitor","meta":{},"content":"发送数据: { unitPrice: \u001b[33m0.93\u001b[39m, totalStock: \u001b[33m1378\u001b[39m, personalStock: \u001b[33m0\u001b[39m, totalMoney: \u001b[33m1281.54\u001b[39m, personalMoney: \u001b[33m0\u001b[39m }","timestamp":1773824634604}
{"id":105,"type":"info","level":2,"name":"stock-monitor","meta":{},"content":"发送数据: { unitPrice: \u001b[33m0.8277\u001b[39m, totalStock: \u001b[33m1471\u001b[39m, personalStock: \u001b[33m0\u001b[39m, totalMoney: \u001b[33m1217.5467\u001b[39m, personalMoney: \u001b[33m0\u001b[39m }","timestamp":1773824754863}
{"id":107,"type":"info","level":2,"name":"stock-monitor","meta":{},"content":"发送数据: { unitPrice: \u001b[33m0.0745\u001b[39m, totalStock: \u001b[33m1676\u001b[39m, personalStock: \u001b[33m0\u001b[39m, totalMoney: \u001b[33m124.8503\u001b[39m, personalMoney: \u001b[33m0\u001b[39m }","timestamp":1773824876446}
{"id":109,"type":"info","level":2,"name":"stock-monitor","meta":{},"content":"发送数据: { unitPrice: \u001b[33m1\u001b[39m, totalStock: \u001b[33m1000\u001b[39m, personalStock: \u001b[33m0\u001b[39m, totalMoney: \u001b[33m1000\u001b[39m, personalMoney: \u001b[33m0\u001b[39m }","timestamp":1773824995246}
{"id":111,"type":"info","level":2,"name":"stock-monitor","meta":{},"content":"发送数据: { unitPrice: \u001b[33m0.3\u001b[39m, totalStock: \u001b[33m1045\u001b[39m, personalStock: \u001b[33m0\u001b[39m, totalMoney: \u001b[33m313.5\u001b[39m, personalMoney: \u001b[33m0\u001b[39m }","timestamp":1773825115234}
{"id":113,"type":"info","level":2,"name":"stock-monitor","meta":{},"content":"发送数据: { unitPrice: \u001b[33m0.174\u001b[39m, totalStock: \u001b[33m4192\u001b[39m, personalStock: \u001b[33m0\u001b[39m, totalMoney: \u001b[33m729.408\u001b[39m, personalMoney: \u001b[33m0\u001b[39m }","timestamp":1773825235413}
{"id":115,"type":"info","level":2,"name":"stock-monitor","meta":{},"content":"发送数据: { unitPrice: \u001b[33m0.3289\u001b[39m, totalStock: \u001b[33m14515\u001b[39m, personalStock: \u001b[33m0\u001b[39m, totalMoney: \u001b[33m4773.4029\u001b[39m, personalMoney: \u001b[33m0\u001b[39m }","timestamp":1773825355632}
{"id":117,"type":"info","level":2,"name":"stock-monitor","meta":{},"content":"发送数据: { unitPrice: \u001b[33m1\u001b[39m, totalStock: \u001b[33m1000\u001b[39m, personalStock: \u001b[33m0\u001b[39m, totalMoney: \u001b[33m1000\u001b[39m, personalMoney: \u001b[33m0\u001b[39m }","timestamp":1773825476137}
{"id":130,"type":"info","level":2,"name":"stock-monitor","meta":{},"content":"发送数据: { unitPrice: \u001b[33m1.58\u001b[39m, totalStock: \u001b[33m1066\u001b[39m, personalStock: \u001b[33m0\u001b[39m, totalMoney: \u001b[33m1684.28\u001b[39m, personalMoney: \u001b[33m0\u001b[39m }","timestamp":1773825596809}
{"id":132,"type":"info","level":2,"name":"stock-monitor","meta":{},"content":"发送数据: { unitPrice: \u001b[33m1.1218\u001b[39m, totalStock: \u001b[33m1005\u001b[39m, personalStock: \u001b[33m0\u001b[39m, totalMoney: \u001b[33m1127.409\u001b[39m, personalMoney: \u001b[33m0\u001b[39m }","timestamp":1773825715851}
{"id":134,"type":"info","level":2,"name":"stock-monitor","meta":{},"content":"发送数据: { unitPrice: \u001b[33m0.0785\u001b[39m, totalStock: \u001b[33m1091\u001b[39m, personalStock: \u001b[33m0\u001b[39m, totalMoney: \u001b[33m85.6719\u001b[39m, personalMoney: \u001b[33m0\u001b[39m }","timestamp":1773825836390}
{"id":136,"type":"info","level":2,"name":"stock-monitor","meta":{},"content":"发送数据: { unitPrice: \u001b[33m1\u001b[39m, totalStock: \u001b[33m1000\u001b[39m, personalStock: \u001b[33m0\u001b[39m, totalMoney: \u001b[33m1000\u001b[39m, personalMoney: \u001b[33m0\u001b[39m }","timestamp":1773825956203}
{"id":138,"type":"info","level":2,"name":"stock-monitor","meta":{},"content":"发送数据: { unitPrice: \u001b[33m0.92\u001b[39m, totalStock: \u001b[33m1200\u001b[39m, personalStock: \u001b[33m0\u001b[39m, totalMoney: \u001b[33m1104\u001b[39m, personalMoney: \u001b[33m0\u001b[39m }","timestamp":1773826076015}
{"id":140,"type":"info","level":2,"name":"stock-monitor","meta":{},"content":"发送数据: { unitPrice: \u001b[33m1.7388\u001b[39m, totalStock: \u001b[33m1984\u001b[39m, personalStock: \u001b[33m0\u001b[39m, totalMoney: \u001b[33m3449.7792\u001b[39m, personalMoney: \u001b[33m0\u001b[39m }","timestamp":1773826195996}
{"id":142,"type":"info","level":2,"name":"stock-monitor","meta":{},"content":"发送数据: { unitPrice: \u001b[33m0.6086\u001b[39m, totalStock: \u001b[33m1020\u001b[39m, personalStock: \u001b[33m0\u001b[39m, totalMoney: \u001b[33m620.7516\u001b[39m, personalMoney: \u001b[33m0\u001b[39m }","timestamp":1773826316673}
{"id":144,"type":"info","level":2,"name":"stock-monitor","meta":{},"content":"发送数据: { unitPrice: \u001b[33m0.7599\u001b[39m, totalStock: \u001b[33m1520\u001b[39m, personalStock: \u001b[33m0\u001b[39m, totalMoney: \u001b[33m1155.0416\u001b[39m, personalMoney: \u001b[33m0\u001b[39m }","timestamp":1773826436420}
{"id":146,"type":"info","level":2,"name":"stock-monitor","meta":{},"content":"发送数据: { unitPrice: \u001b[33m1.058\u001b[39m, totalStock: \u001b[33m1040\u001b[39m, personalStock: \u001b[33m0\u001b[39m, totalMoney: \u001b[33m1100.2916\u001b[39m, personalMoney: \u001b[33m0\u001b[39m }","timestamp":1773826557012}
{"id":148,"type":"info","level":2,"name":"stock-monitor","meta":{},"content":"发送数据: { unitPrice: \u001b[33m1.4388\u001b[39m, totalStock: \u001b[33m1980\u001b[39m, personalStock: \u001b[33m0\u001b[39m, totalMoney: \u001b[33m2848.9089\u001b[39m, personalMoney: \u001b[33m0\u001b[39m }","timestamp":1773826676659}
{"id":150,"type":"info","level":2,"name":"stock-monitor","meta":{},"content":"发送数据: { unitPrice: \u001b[33m2.1439\u001b[39m, totalStock: \u001b[33m1020\u001b[39m, personalStock: \u001b[33m0\u001b[39m, totalMoney: \u001b[33m2186.7534\u001b[39m, personalMoney: \u001b[33m0\u001b[39m }","timestamp":1773826796702}
{"id":152,"type":"info","level":2,"name":"stock-monitor","meta":{},"content":"发送数据: { unitPrice: \u001b[33m3.4731\u001b[39m, totalStock: \u001b[33m1110\u001b[39m, personalStock: \u001b[33m0\u001b[39m, totalMoney: \u001b[33m3855.1177\u001b[39m, personalMoney: \u001b[33m0\u001b[39m }","timestamp":1773826916643}
{"id":154,"type":"info","level":2,"name":"stock-monitor","meta":{},"content":"发送数据: { unitPrice: \u001b[33m4.6887\u001b[39m, totalStock: \u001b[33m1399\u001b[39m, personalStock: \u001b[33m0\u001b[39m, totalMoney: \u001b[33m6559.4306\u001b[39m, personalMoney: \u001b[33m0\u001b[39m }","timestamp":1773827037391}
{"id":156,"type":"info","level":2,"name":"stock-monitor","meta":{},"content":"发送数据: { unitPrice: \u001b[33m5.1575\u001b[39m, totalStock: \u001b[33m1082\u001b[39m, personalStock: \u001b[33m0\u001b[39m, totalMoney: \u001b[33m5580.4391\u001b[39m, personalMoney: \u001b[33m0\u001b[39m }","timestamp":1773827158674}
{"id":158,"type":"info","level":2,"name":"stock-monitor","meta":{},"content":"发送数据: { unitPrice: \u001b[33m1.1862\u001b[39m, totalStock: \u001b[33m1081\u001b[39m, personalStock: \u001b[33m0\u001b[39m, totalMoney: \u001b[33m1282.3148\u001b[39m, personalMoney: \u001b[33m0\u001b[39m }","timestamp":1773827277602}
{"id":160,"type":"info","level":2,"name":"stock-monitor","meta":{},"content":"发送数据: { unitPrice: \u001b[33m1.6963\u001b[39m, totalStock: \u001b[33m1080\u001b[39m, personalStock: \u001b[33m0\u001b[39m, totalMoney: \u001b[33m1832.0138\u001b[39m, personalMoney: \u001b[33m0\u001b[39m }","timestamp":1773827397892}
{"id":162,"type":"info","level":2,"name":"stock-monitor","meta":{},"content":"发送数据: { unitPrice: \u001b[33m3.1212\u001b[39m, totalStock: \u001b[33m1080\u001b[39m, personalStock: \u001b[33m0\u001b[39m, totalMoney: \u001b[33m3370.9054\u001b[39m, personalMoney: \u001b[33m0\u001b[39m }","timestamp":1773827518776}
{"id":164,"type":"info","level":2,"name":"stock-monitor","meta":{},"content":"发送数据: { unitPrice: \u001b[33m2.3097\u001b[39m, totalStock: \u001b[33m1960\u001b[39m, personalStock: \u001b[33m0\u001b[39m, totalMoney: \u001b[33m4527.0011\u001b[39m, personalMoney: \u001b[33m0\u001b[39m }","timestamp":1773827638161}
{"id":166,"type":"info","level":2,"name":"stock-monitor","meta":{},"content":"发送数据: { unitPrice: \u001b[33m2.9102\u001b[39m, totalStock: \u001b[33m1860\u001b[39m, personalStock: \u001b[33m0\u001b[39m, totalMoney: \u001b[33m5412.9999\u001b[39m, personalMoney: \u001b[33m0\u001b[39m }","timestamp":1773827758642}
{"id":168,"type":"info","level":2,"name":"stock-monitor","meta":{},"content":"发送数据: { unitPrice: \u001b[33m3.1139\u001b[39m, totalStock: \u001b[33m2026\u001b[39m, personalStock: \u001b[33m0\u001b[39m, totalMoney: \u001b[33m6308.8223\u001b[39m, personalMoney: \u001b[33m0\u001b[39m }","timestamp":1773827879291}
{"id":170,"type":"info","level":2,"name":"stock-monitor","meta":{},"content":"发送数据: { unitPrice: \u001b[33m3.5187\u001b[39m, totalStock: \u001b[33m1200\u001b[39m, personalStock: \u001b[33m0\u001b[39m, totalMoney: \u001b[33m4222.4891\u001b[39m, personalMoney: \u001b[33m0\u001b[39m }","timestamp":1773827998551}
{"id":172,"type":"info","level":2,"name":"stock-monitor","meta":{},"content":"发送数据: { unitPrice: \u001b[33m2.9206\u001b[39m, totalStock: \u001b[33m1050\u001b[39m, personalStock: \u001b[33m0\u001b[39m, totalMoney: \u001b[33m3066.5827\u001b[39m, personalMoney: \u001b[33m0\u001b[39m }","timestamp":1773828118909}
{"id":188,"type":"info","level":2,"name":"stock-monitor","meta":{},"content":"发送数据: { unitPrice: \u001b[33m1.8692\u001b[39m, totalStock: \u001b[33m1056\u001b[39m, personalStock: \u001b[33m0\u001b[39m, totalMoney: \u001b[33m1973.8279\u001b[39m, personalMoney: \u001b[33m0\u001b[39m }","timestamp":1773828238741}
{"id":196,"type":"info","level":2,"name":"stock-monitor","meta":{},"content":"发送数据: { unitPrice: \u001b[33m2.8411\u001b[39m, totalStock: \u001b[33m1106\u001b[39m, personalStock: \u001b[33m0\u001b[39m, totalMoney: \u001b[33m3142.2742\u001b[39m, personalMoney: \u001b[33m0\u001b[39m }","timestamp":1773828358953}
{"id":198,"type":"info","level":2,"name":"stock-monitor","meta":{},"content":"发送数据: { unitPrice: \u001b[33m2.8695\u001b[39m, totalStock: \u001b[33m1408\u001b[39m, personalStock: \u001b[33m0\u001b[39m, totalMoney: \u001b[33m4040.2941\u001b[39m, personalMoney: \u001b[33m0\u001b[39m }","timestamp":1773828478965}
{"id":200,"type":"info","level":2,"name":"stock-monitor","meta":{},"content":"发送数据: { unitPrice: \u001b[33m1.4061\u001b[39m, totalStock: \u001b[33m1002\u001b[39m, personalStock: \u001b[33m0\u001b[39m, totalMoney: \u001b[33m1408.8804\u001b[39m, personalMoney: \u001b[33m0\u001b[39m }","timestamp":1773828598873}
{"id":202,"type":"info","level":2,"name":"stock-monitor","meta":{},"content":"发送数据: { unitPrice: \u001b[33m1.5326\u001b[39m, totalStock: \u001b[33m1700\u001b[39m, personalStock: \u001b[33m0\u001b[39m, totalMoney: \u001b[33m2605.4445\u001b[39m, personalMoney: \u001b[33m0\u001b[39m }","timestamp":1773828719355}
{"id":204,"type":"info","level":2,"name":"stock-monitor","meta":{},"content":"发送数据: { unitPrice: \u001b[33m2.161\u001b[39m, totalStock: \u001b[33m1013\u001b[39m, personalStock: \u001b[33m0\u001b[39m, totalMoney: \u001b[33m2189.0791\u001b[39m, personalMoney: \u001b[33m0\u001b[39m }","timestamp":1773828840358}
{"id":206,"type":"info","level":2,"name":"stock-monitor","meta":{},"content":"发送数据: { unitPrice: \u001b[33m3.544\u001b[39m, totalStock: \u001b[33m1001\u001b[39m, personalStock: \u001b[33m0\u001b[39m, totalMoney: \u001b[33m3547.5615\u001b[39m, personalMoney: \u001b[33m0\u001b[39m }","timestamp":1773828959284}
{"id":208,"type":"info","level":2,"name":"stock-monitor","meta":{},"content":"发送数据: { unitPrice: \u001b[33m3.863\u001b[39m, totalStock: \u001b[33m1101\u001b[39m, personalStock: \u001b[33m0\u001b[39m, totalMoney: \u001b[33m4253.14\u001b[39m, personalMoney: \u001b[33m0\u001b[39m }","timestamp":1773829079648}
{"id":210,"type":"info","level":2,"name":"stock-monitor","meta":{},"content":"发送数据: { unitPrice: \u001b[33m2.2792\u001b[39m, totalStock: \u001b[33m1351\u001b[39m, personalStock: \u001b[33m0\u001b[39m, totalMoney: \u001b[33m3079.142\u001b[39m, personalMoney: \u001b[33m0\u001b[39m }","timestamp":1773829199531}
{"id":212,"type":"info","level":2,"name":"stock-monitor","meta":{},"content":"发送数据: { unitPrice: \u001b[33m3.9885\u001b[39m, totalStock: \u001b[33m1251\u001b[39m, personalStock: \u001b[33m0\u001b[39m, totalMoney: \u001b[33m4989.6459\u001b[39m, personalMoney: \u001b[33m0\u001b[39m }","timestamp":1773829320686}
{"id":214,"type":"info","level":2,"name":"stock-monitor","meta":{},"content":"发送数据: { unitPrice: \u001b[33m6.6608\u001b[39m, totalStock: \u001b[33m1476\u001b[39m, personalStock: \u001b[33m0\u001b[39m, totalMoney: \u001b[33m9831.3973\u001b[39m, personalMoney: \u001b[33m0\u001b[39m }","timestamp":1773829440271}
{"id":228,"type":"info","level":2,"name":"stock-monitor","meta":{},"content":"发送数据: { unitPrice: \u001b[33m0.9991\u001b[39m, totalStock: \u001b[33m1529\u001b[39m, personalStock: \u001b[33m0\u001b[39m, totalMoney: \u001b[33m1527.6633\u001b[39m, personalMoney: \u001b[33m0\u001b[39m }","timestamp":1773829561377}
{"id":230,"type":"info","level":2,"name":"stock-monitor","meta":{},"content":"发送数据: { unitPrice: \u001b[33m0.05\u001b[39m, totalStock: \u001b[33m1326\u001b[39m, personalStock: \u001b[33m0\u001b[39m, totalMoney: \u001b[33m66.242\u001b[39m, personalMoney: \u001b[33m0\u001b[39m }","timestamp":1773829680313}
{"id":232,"type":"info","level":2,"name":"stock-monitor","meta":{},"content":"发送数据: { unitPrice: \u001b[33m1\u001b[39m, totalStock: \u001b[33m1000\u001b[39m, personalStock: \u001b[33m0\u001b[39m, totalMoney: \u001b[33m1000\u001b[39m, personalMoney: \u001b[33m0\u001b[39m }","timestamp":1773829800324}
{"id":234,"type":"info","level":2,"name":"stock-monitor","meta":{},"content":"发送数据: { unitPrice: \u001b[33m1.8\u001b[39m, totalStock: \u001b[33m1508\u001b[39m, personalStock: \u001b[33m0\u001b[39m, totalMoney: \u001b[33m2714.4\u001b[39m, personalMoney: \u001b[33m0\u001b[39m }","timestamp":1773829920379}
{"id":236,"type":"info","level":2,"name":"stock-monitor","meta":{},"content":"发送数据: { unitPrice: \u001b[33m3.024\u001b[39m, totalStock: \u001b[33m1022\u001b[39m, personalStock: \u001b[33m0\u001b[39m, totalMoney: \u001b[33m3090.528\u001b[39m, personalMoney: \u001b[33m0\u001b[39m }","timestamp":1773830041050}
{"id":238,"type":"info","level":2,"name":"stock-monitor","meta":{},"content":"发送数据: { unitPrice: \u001b[33m0.6048\u001b[39m, totalStock: \u001b[33m1400\u001b[39m, personalStock: \u001b[33m0\u001b[39m, totalMoney: \u001b[33m846.72\u001b[39m, personalMoney: \u001b[33m0\u001b[39m }","timestamp":1773830160350}
{"id":240,"type":"info","level":2,"name":"stock-monitor","meta":{},"content":"发送数据: { unitPrice: \u001b[33m0.7923\u001b[39m, totalStock: \u001b[33m2629\u001b[39m, personalStock: \u001b[33m0\u001b[39m, totalMoney: \u001b[33m2082.9252\u001b[39m, personalMoney: \u001b[33m0\u001b[39m }","timestamp":1773830280121}
{"id":242,"type":"info","level":2,"name":"stock-monitor","meta":{},"content":"发送数据: { unitPrice: \u001b[33m0.0634\u001b[39m, totalStock: \u001b[33m1608\u001b[39m, personalStock: \u001b[33m0\u001b[39m, totalMoney: \u001b[33m101.9199\u001b[39m, personalMoney: \u001b[33m0\u001b[39m }","timestamp":1773830402456}
{"id":244,"type":"info","level":2,"name":"stock-monitor","meta":{},"content":"发送数据: { unitPrice: \u001b[33m1\u001b[39m, totalStock: \u001b[33m1000\u001b[39m, personalStock: \u001b[33m0\u001b[39m, totalMoney: \u001b[33m1000\u001b[39m, personalMoney: \u001b[33m0\u001b[39m }","timestamp":1773830521070}
{"id":246,"type":"info","level":2,"name":"stock-monitor","meta":{},"content":"发送数据: { unitPrice: \u001b[33m0.54\u001b[39m, totalStock: \u001b[33m1023\u001b[39m, personalStock: \u001b[33m0\u001b[39m, totalMoney: \u001b[33m552.42\u001b[39m, personalMoney: \u001b[33m0\u001b[39m }","timestamp":1773830641487}
{"id":248,"type":"info","level":2,"name":"stock-monitor","meta":{},"content":"发送数据: { unitPrice: \u001b[33m1.3503\u001b[39m, totalStock: \u001b[33m1123\u001b[39m, personalStock: \u001b[33m0\u001b[39m, totalMoney: \u001b[33m1516.42\u001b[39m, personalMoney: \u001b[33m0\u001b[39m }","timestamp":1773830762517}
{"id":250,"type":"info","level":2,"name":"stock-monitor","meta":{},"content":"发送数据: { unitPrice: \u001b[33m0.7562\u001b[39m, totalStock: \u001b[33m1547\u001b[39m, personalStock: \u001b[33m0\u001b[39m, totalMoney: \u001b[33m1169.8174\u001b[39m, personalMoney: \u001b[33m0\u001b[39m }","timestamp":1773830880679}
{"id":252,"type":"info","level":2,"name":"stock-monitor","meta":{},"content":"发送数据: { unitPrice: \u001b[33m0.1815\u001b[39m, totalStock: \u001b[33m3163\u001b[39m, personalStock: \u001b[33m0\u001b[39m, totalMoney: \u001b[33m574.0348\u001b[39m, personalMoney: \u001b[33m0\u001b[39m }","timestamp":1773831001357}
{"id":254,"type":"info","level":2,"name":"stock-monitor","meta":{},"content":"发送数据: { unitPrice: \u001b[33m0.0926\u001b[39m, totalStock: \u001b[33m6591\u001b[39m, personalStock: \u001b[33m0\u001b[39m, totalMoney: \u001b[33m610.0431\u001b[39m, personalMoney: \u001b[33m0\u001b[39m }","timestamp":1773831121654}
{"id":256,"type":"info","level":2,"name":"stock-monitor","meta":{},"content":"发送数据: { unitPrice: \u001b[33m1\u001b[39m, totalStock: \u001b[33m1000\u001b[39m, personalStock: \u001b[33m0\u001b[39m, totalMoney: \u001b[33m1000\u001b[39m, personalMoney: \u001b[33m0\u001b[39m }","timestamp":1773831241726}
{"id":258,"type":"info","level":2,"name":"stock-monitor","meta":{},"content":"发送数据: { unitPrice: \u001b[33m1.32\u001b[39m, totalStock: \u001b[33m1655\u001b[39m, personalStock: \u001b[33m0\u001b[39m, totalMoney: \u001b[33m2184.6\u001b[39m, personalMoney: \u001b[33m0\u001b[39m }","timestamp":1773831361181}
{"id":260,"type":"info","level":2,"name":"stock-monitor","meta":{},"content":"发送数据: { unitPrice: \u001b[33m1.1088\u001b[39m, totalStock: \u001b[33m1096\u001b[39m, personalStock: \u001b[33m0\u001b[39m, totalMoney: \u001b[33m1215.2448\u001b[39m, personalMoney: \u001b[33m0\u001b[39m }","timestamp":1773831481443}
{"id":262,"type":"info","level":2,"name":"stock-monitor","meta":{},"content":"发送数据: { unitPrice: \u001b[33m1.9182\u001b[39m, totalStock: \u001b[33m1296\u001b[39m, personalStock: \u001b[33m0\u001b[39m, totalMoney: \u001b[33m2486.0183\u001b[39m, personalMoney: \u001b[33m0\u001b[39m }","timestamp":1773831602063}
{"id":264,"type":"info","level":2,"name":"stock-monitor","meta":{},"content":"发送数据: { unitPrice: \u001b[33m0.1151\u001b[39m, totalStock: \u001b[33m1136\u001b[39m, personalStock: \u001b[33m0\u001b[39m, totalMoney: \u001b[33m130.7461\u001b[39m, personalMoney: \u001b[33m0\u001b[39m }","timestamp":1773831721753}
{"id":277,"type":"info","level":2,"name":"stock-monitor","meta":{},"content":"发送数据: { unitPrice: \u001b[33m0.0725\u001b[39m, totalStock: \u001b[33m12136\u001b[39m, personalStock: \u001b[33m0\u001b[39m, totalMoney: \u001b[33m879.9676\u001b[39m, personalMoney: \u001b[33m0\u001b[39m }","timestamp":1773831842520}
{"id":279,"type":"info","level":2,"name":"stock-monitor","meta":{},"content":"发送数据: { unitPrice: \u001b[33m0.0552\u001b[39m, totalStock: \u001b[33m12136\u001b[39m, personalStock: \u001b[33m0\u001b[39m, totalMoney: \u001b[33m669.9676\u001b[39m, personalMoney: \u001b[33m0\u001b[39m }","timestamp":1773831962053}
{"id":281,"type":"info","level":2,"name":"stock-monitor","meta":{},"content":"发送数据: { unitPrice: \u001b[33m0.0944\u001b[39m, totalStock: \u001b[33m7136\u001b[39m, personalStock: \u001b[33m0\u001b[39m, totalMoney: \u001b[33m673.9427\u001b[39m, personalMoney: \u001b[33m0\u001b[39m }","timestamp":1773832081862}
{"id":283,"type":"info","level":2,"name":"stock-monitor","meta":{},"content":"发送数据: { unitPrice: \u001b[33m0.0107\u001b[39m, totalStock: \u001b[33m5136\u001b[39m, personalStock: \u001b[33m0\u001b[39m, totalMoney: \u001b[33m55.0574\u001b[39m, personalMoney: \u001b[33m0\u001b[39m }","timestamp":1773832203675}
{"id":285,"type":"info","level":2,"name":"stock-monitor","meta":{},"content":"发送数据: { unitPrice: \u001b[33m1\u001b[39m, totalStock: \u001b[33m1000\u001b[39m, personalStock: \u001b[33m0\u001b[39m, totalMoney: \u001b[33m1000\u001b[39m, personalMoney: \u001b[33m0\u001b[39m }","timestamp":1773832322575}
{"id":287,"type":"info","level":2,"name":"stock-monitor","meta":{},"content":"发送数据: { unitPrice: \u001b[33m1.46\u001b[39m, totalStock: \u001b[33m1400\u001b[39m, personalStock: \u001b[33m0\u001b[39m, totalMoney: \u001b[33m2044\u001b[39m, personalMoney: \u001b[33m0\u001b[39m }","timestamp":1773832443644}
{"id":289,"type":"info","level":2,"name":"stock-monitor","meta":{},"content":"发送数据: { unitPrice: \u001b[33m0.4672\u001b[39m, totalStock: \u001b[33m1027\u001b[39m, personalStock: \u001b[33m0\u001b[39m, totalMoney: \u001b[33m479.8144\u001b[39m, personalMoney: \u001b[33m0\u001b[39m }","timestamp":1773832562574}
{"id":301,"type":"info","level":2,"name":"stock-monitor","meta":{},"content":"发送数据: { unitPrice: \u001b[33m0.2642\u001b[39m, totalStock: \u001b[33m1527\u001b[39m, personalStock: \u001b[33m0\u001b[39m, totalMoney: \u001b[33m403.4144\u001b[39m, personalMoney: \u001b[33m0\u001b[39m }","timestamp":1773832684091}
{"id":312,"type":"info","level":2,"name":"stock-monitor","meta":{},"content":"发送数据: { unitPrice: \u001b[33m0.0053\u001b[39m, totalStock: \u001b[33m8259\u001b[39m, personalStock: \u001b[33m0\u001b[39m, totalMoney: \u001b[33m43.6385\u001b[39m, personalMoney: \u001b[33m0\u001b[39m }","timestamp":1773832804046}
{"id":314,"type":"info","level":2,"name":"stock-monitor","meta":{},"content":"发送数据: { unitPrice: \u001b[33m0.038\u001b[39m, totalStock: \u001b[33m8259\u001b[39m, personalStock: \u001b[33m0\u001b[39m, totalMoney: \u001b[33m313.6385\u001b[39m, personalMoney: \u001b[33m0\u001b[39m }","timestamp":1773832922649}
{"id":316,"type":"info","level":2,"name":"stock-monitor","meta":{},"content":"发送数据: { unitPrice: \u001b[33m0.1373\u001b[39m, totalStock: \u001b[33m8259\u001b[39m, personalStock: \u001b[33m0\u001b[39m, totalMoney: \u001b[33m1133.6385\u001b[39m, personalMoney: \u001b[33m0\u001b[39m }","timestamp":1773833043701}
{"id":317,"type":"info","level":2,"name":"stock-monitor","meta":{},"content":"发送数据: { unitPrice: \u001b[33m0.1373\u001b[39m, totalStock: \u001b[33m6625\u001b[39m, personalStock: \u001b[33m0\u001b[39m, totalMoney: \u001b[33m909.354\u001b[39m, personalMoney: \u001b[33m0\u001b[39m }","timestamp":1773833108759}
{"id":319,"type":"info","level":2,"name":"stock-monitor","meta":{},"content":"发送数据: { unitPrice: \u001b[33m0.1207\u001b[39m, totalStock: \u001b[33m6625\u001b[39m, personalStock: \u001b[33m0\u001b[39m, totalMoney: \u001b[33m799.354\u001b[39m, personalMoney: \u001b[33m0\u001b[39m }","timestamp":1773833163510}
{"id":321,"type":"info","level":2,"name":"stock-monitor","meta":{},"content":"发送数据: { unitPrice: \u001b[33m0.0362\u001b[39m, totalStock: \u001b[33m8697\u001b[39m, personalStock: \u001b[33m0\u001b[39m, totalMoney: \u001b[33m314.8067\u001b[39m, personalMoney: \u001b[33m0\u001b[39m }","timestamp":1773833282859}
{"id":323,"type":"info","level":2,"name":"stock-monitor","meta":{},"content":"发送数据: { unitPrice: \u001b[33m0.0339\u001b[39m, totalStock: \u001b[33m8697\u001b[39m, personalStock: \u001b[33m0\u001b[39m, totalMoney: \u001b[33m294.8067\u001b[39m, personalMoney: \u001b[33m0\u001b[39m }","timestamp":1773833407897}
{"id":325,"type":"info","level":2,"name":"stock-monitor","meta":{},"content":"发送数据: { unitPrice: \u001b[33m1\u001b[39m, totalStock: \u001b[33m1000\u001b[39m, personalStock: \u001b[33m0\u001b[39m, totalMoney: \u001b[33m1000\u001b[39m, personalMoney: \u001b[33m0\u001b[39m }","timestamp":1773833524197}
{"id":327,"type":"info","level":2,"name":"stock-monitor","meta":{},"content":"发送数据: { unitPrice: \u001b[33m1\u001b[39m, totalStock: \u001b[33m1010\u001b[39m, personalStock: \u001b[33m0\u001b[39m, totalMoney: \u001b[33m1010\u001b[39m, personalMoney: \u001b[33m0\u001b[39m }","timestamp":1773833643502}
{"id":329,"type":"info","level":2,"name":"stock-monitor","meta":{},"content":"发送数据: { unitPrice: \u001b[33m1.69\u001b[39m, totalStock: \u001b[33m1010\u001b[39m, personalStock: \u001b[33m0\u001b[39m, totalMoney: \u001b[33m1706.9\u001b[39m, personalMoney: \u001b[33m0\u001b[39m }","timestamp":1773833763572}
{"id":331,"type":"info","level":2,"name":"stock-monitor","meta":{},"content":"发送数据: { unitPrice: \u001b[33m0.1859\u001b[39m, totalStock: \u001b[33m1002\u001b[39m, personalStock: \u001b[33m0\u001b[39m, totalMoney: \u001b[33m186.2718\u001b[39m, personalMoney: \u001b[33m0\u001b[39m }","timestamp":1773833884554}
{"id":333,"type":"info","level":2,"name":"stock-monitor","meta":{},"content":"发送数据: { unitPrice: \u001b[33m0.2658\u001b[39m, totalStock: \u001b[33m5951\u001b[39m, personalStock: \u001b[33m0\u001b[39m, totalMoney: \u001b[33m1581.996\u001b[39m, personalMoney: \u001b[33m0\u001b[39m }","timestamp":1773834006767}
{"id":335,"type":"info","level":2,"name":"stock-monitor","meta":{},"content":"发送数据: { unitPrice: \u001b[33m0.1914\u001b[39m, totalStock: \u001b[33m4864\u001b[39m, personalStock: \u001b[33m0\u001b[39m, totalMoney: \u001b[33m930.9824\u001b[39m, personalMoney: \u001b[33m0\u001b[39m }","timestamp":1773834125752}
{"id":337,"type":"info","level":2,"name":"stock-monitor","meta":{},"content":"发送数据: { unitPrice: \u001b[33m0.0134\u001b[39m, totalStock: \u001b[33m5530\u001b[39m, personalStock: \u001b[33m0\u001b[39m, totalMoney: \u001b[33m74.092\u001b[39m, personalMoney: \u001b[33m0\u001b[39m }","timestamp":1773834244510}
{"id":339,"type":"info","level":2,"name":"stock-monitor","meta":{},"content":"发送数据: { unitPrice: \u001b[33m1\u001b[39m, totalStock: \u001b[33m1000\u001b[39m, personalStock: \u001b[33m0\u001b[39m, totalMoney: \u001b[33m1000\u001b[39m, personalMoney: \u001b[33m0\u001b[39m }","timestamp":1773834365247}
{"id":341,"type":"info","level":2,"name":"stock-monitor","meta":{},"content":"发送数据: { unitPrice: \u001b[33m0.57\u001b[39m, totalStock: \u001b[33m2085\u001b[39m, personalStock: \u001b[33m0\u001b[39m, totalMoney: \u001b[33m1188.45\u001b[39m, personalMoney: \u001b[33m0\u001b[39m }","timestamp":1773834485228}
{"id":343,"type":"info","level":2,"name":"stock-monitor","meta":{},"content":"发送数据: { unitPrice: \u001b[33m1.1001\u001b[39m, totalStock: \u001b[33m2042\u001b[39m, personalStock: \u001b[33m0\u001b[39m, totalMoney: \u001b[33m2246.4042\u001b[39m, personalMoney: \u001b[33m0\u001b[39m }","timestamp":1773834606936}
{"id":354,"type":"info","level":2,"name":"stock-monitor","meta":{},"content":"发送数据: { unitPrice: \u001b[33m1.1991\u001b[39m, totalStock: \u001b[33m2145\u001b[39m, personalStock: \u001b[33m0\u001b[39m, totalMoney: \u001b[33m2572.0888\u001b[39m, personalMoney: \u001b[33m0\u001b[39m }","timestamp":1773834725321}
{"id":356,"type":"info","level":2,"name":"stock-monitor","meta":{},"content":"发送数据: { unitPrice: \u001b[33m0.9473\u001b[39m, totalStock: \u001b[33m1400\u001b[39m, personalStock: \u001b[33m0\u001b[39m, totalMoney: \u001b[33m1326.2146\u001b[39m, personalMoney: \u001b[33m0\u001b[39m }","timestamp":1773834846496}
{"id":358,"type":"info","level":2,"name":"stock-monitor","meta":{},"content":"发送数据: { unitPrice: \u001b[33m0.3221\u001b[39m, totalStock: \u001b[33m1142\u001b[39m, personalStock: \u001b[33m0\u001b[39m, totalMoney: \u001b[33m367.8161\u001b[39m, personalMoney: \u001b[33m0\u001b[39m }","timestamp":1773834966025}
{"id":360,"type":"info","level":2,"name":"stock-monitor","meta":{},"content":"发送数据: { unitPrice: \u001b[33m0.1997\u001b[39m, totalStock: \u001b[33m5966\u001b[39m, personalStock: \u001b[33m0\u001b[39m, totalMoney: \u001b[33m1191.3507\u001b[39m, personalMoney: \u001b[33m0\u001b[39m }","timestamp":1773835086339}
{"id":362,"type":"info","level":2,"name":"stock-monitor","meta":{},"content":"发送数据: { unitPrice: \u001b[33m0.1378\u001b[39m, totalStock: \u001b[33m9280\u001b[39m, personalStock: \u001b[33m0\u001b[39m, totalMoney: \u001b[33m1278.6551\u001b[39m, personalMoney: \u001b[33m0\u001b[39m }","timestamp":1773835205154}
{"id":364,"type":"info","level":2,"name":"stock-monitor","meta":{},"content":"发送数据: { unitPrice: \u001b[33m0.0965\u001b[39m, totalStock: \u001b[33m11456\u001b[39m, personalStock: \u001b[33m0\u001b[39m, totalMoney: \u001b[33m1104.9344\u001b[39m, personalMoney: \u001b[33m0\u001b[39m }","timestamp":1773835326471}
{"id":366,"type":"info","level":2,"name":"stock-monitor","meta":{},"content":"发送数据: { unitPrice: \u001b[33m0.027\u001b[39m, totalStock: \u001b[33m11456\u001b[39m, personalStock: \u001b[33m0\u001b[39m, totalMoney: \u001b[33m309.3816\u001b[39m, personalMoney: \u001b[33m0\u001b[39m }","timestamp":1773835446325}
{"id":368,"type":"info","level":2,"name":"stock-monitor","meta":{},"content":"发送数据: { unitPrice: \u001b[33m0.0759\u001b[39m, totalStock: \u001b[33m11451\u001b[39m, personalStock: \u001b[33m0\u001b[39m, totalMoney: \u001b[33m869.2466\u001b[39m, personalMoney: \u001b[33m0\u001b[39m }","timestamp":1773835565753}
{"id":370,"type":"info","level":2,"name":"stock-monitor","meta":{},"content":"发送数据: { unitPrice: \u001b[33m0.0663\u001b[39m, totalStock: \u001b[33m11451\u001b[39m, personalStock: \u001b[33m0\u001b[39m, totalMoney: \u001b[33m759.2466\u001b[39m, personalMoney: \u001b[33m0\u001b[39m }","timestamp":1773835686575}
{"id":372,"type":"info","level":2,"name":"stock-monitor","meta":{},"content":"发送数据: { unitPrice: \u001b[33m0.1239\u001b[39m, totalStock: \u001b[33m11451\u001b[39m, personalStock: \u001b[33m0\u001b[39m, totalMoney: \u001b[33m1419.2466\u001b[39m, personalMoney: \u001b[33m0\u001b[39m }","timestamp":1773835806633}
{"id":374,"type":"info","level":2,"name":"stock-monitor","meta":{},"content":"发送数据: { unitPrice: \u001b[33m0.0632\u001b[39m, totalStock: \u001b[33m16395\u001b[39m, personalStock: \u001b[33m0\u001b[39m, totalMoney: \u001b[33m1036.3252\u001b[39m, personalMoney: \u001b[33m0\u001b[39m }","timestamp":1773835925649}
{"id":376,"type":"info","level":2,"name":"stock-monitor","meta":{},"content":"发送数据: { unitPrice: \u001b[33m0.0799\u001b[39m, totalStock: \u001b[33m11384\u001b[39m, personalStock: \u001b[33m0\u001b[39m, totalMoney: \u001b[33m909.5807\u001b[39m, personalMoney: \u001b[33m0\u001b[39m }","timestamp":1773836045421}
{"id":378,"type":"info","level":2,"name":"stock-monitor","meta":{},"content":"发送数据: { unitPrice: \u001b[33m0.0202\u001b[39m, totalStock: \u001b[33m11384\u001b[39m, personalStock: \u001b[33m0\u001b[39m, totalMoney: \u001b[33m229.5807\u001b[39m, personalMoney: \u001b[33m0\u001b[39m }","timestamp":1773836167689}
{"id":380,"type":"info","level":2,"name":"stock-monitor","meta":{},"content":"发送数据: { unitPrice: \u001b[33m1\u001b[39m, totalStock: \u001b[33m1000\u001b[39m, personalStock: \u001b[33m0\u001b[39m, totalMoney: \u001b[33m1000\u001b[39m, personalMoney: \u001b[33m0\u001b[39m }","timestamp":1773836286108}
{"id":382,"type":"info","level":2,"name":"stock-monitor","meta":{},"content":"发送数据: { unitPrice: \u001b[33m1.48\u001b[39m, totalStock: \u001b[33m1976\u001b[39m, personalStock: \u001b[33m0\u001b[39m, totalMoney: \u001b[33m2924.48\u001b[39m, personalMoney: \u001b[33m0\u001b[39m }","timestamp":1773836407924}
{"id":383,"type":"info","level":2,"name":"stock-monitor","meta":{},"content":"发送数据: { unitPrice: \u001b[33m1.48\u001b[39m, totalStock: \u001b[33m1476\u001b[39m, personalStock: \u001b[33m0\u001b[39m, totalMoney: \u001b[33m2184.48\u001b[39m, personalMoney: \u001b[33m0\u001b[39m }","timestamp":1773836414915}
{"id":396,"type":"info","level":2,"name":"stock-monitor","meta":{},"content":"发送数据: { unitPrice: \u001b[33m1.6724\u001b[39m, totalStock: \u001b[33m1376\u001b[39m, personalStock: \u001b[33m0\u001b[39m, totalMoney: \u001b[33m2301.2224\u001b[39m, personalMoney: \u001b[33m0\u001b[39m }","timestamp":1773836526881}
{"id":398,"type":"info","level":2,"name":"stock-monitor","meta":{},"content":"发送数据: { unitPrice: \u001b[33m0.2007\u001b[39m, totalStock: \u001b[33m1360\u001b[39m, personalStock: \u001b[33m0\u001b[39m, totalMoney: \u001b[33m272.9357\u001b[39m, personalMoney: \u001b[33m0\u001b[39m }","timestamp":1773836647168}
{"id":400,"type":"info","level":2,"name":"stock-monitor","meta":{},"content":"发送数据: { unitPrice: \u001b[33m0.238\u001b[39m, totalStock: \u001b[33m4556\u001b[39m, personalStock: \u001b[33m0\u001b[39m, totalMoney: \u001b[33m1084.3345\u001b[39m, personalMoney: \u001b[33m0\u001b[39m }","timestamp":1773836781484}
{"id":408,"type":"info","level":2,"name":"stock-monitor","meta":{},"content":"发送数据: { unitPrice: \u001b[33m0.3737\u001b[39m, totalStock: \u001b[33m7255\u001b[39m, personalStock: \u001b[33m0\u001b[39m, totalMoney: \u001b[33m2710.9196\u001b[39m, personalMoney: \u001b[33m0\u001b[39m }","timestamp":1773836899802}
{"id":410,"type":"info","level":2,"name":"stock-monitor","meta":{},"content":"发送数据: { unitPrice: \u001b[33m0.3251\u001b[39m, totalStock: \u001b[33m4204\u001b[39m, personalStock: \u001b[33m0\u001b[39m, totalMoney: \u001b[33m1366.6622\u001b[39m, personalMoney: \u001b[33m0\u001b[39m }","timestamp":1773837019528}
{"id":412,"type":"info","level":2,"name":"stock-monitor","meta":{},"content":"发送数据: { unitPrice: \u001b[33m0.4031\u001b[39m, totalStock: \u001b[33m5074\u001b[39m, personalStock: \u001b[33m0\u001b[39m, totalMoney: \u001b[33m2045.3641\u001b[39m, personalMoney: \u001b[33m0\u001b[39m }","timestamp":1773837139508}
{"id":414,"type":"info","level":2,"name":"stock-monitor","meta":{},"content":"发送数据: { unitPrice: \u001b[33m0.8666\u001b[39m, totalStock: \u001b[33m1726\u001b[39m, personalStock: \u001b[33m0\u001b[39m, totalMoney: \u001b[33m1495.7624\u001b[39m, personalMoney: \u001b[33m0\u001b[39m }","timestamp":1773837259843}
{"id":416,"type":"info","level":2,"name":"stock-monitor","meta":{},"content":"发送数据: { unitPrice: \u001b[33m0.6586\u001b[39m, totalStock: \u001b[33m2066\u001b[39m, personalStock: \u001b[33m0\u001b[39m, totalMoney: \u001b[33m1360.7105\u001b[39m, personalMoney: \u001b[33m0\u001b[39m }","timestamp":1773837380129}
{"id":418,"type":"info","level":2,"name":"stock-monitor","meta":{},"content":"发送数据: { unitPrice: \u001b[33m0.3126\u001b[39m, totalStock: \u001b[33m1416\u001b[39m, personalStock: \u001b[33m0\u001b[39m, totalMoney: \u001b[33m442.607\u001b[39m, personalMoney: \u001b[33m0\u001b[39m }","timestamp":1773837499476}
{"id":420,"type":"info","level":2,"name":"stock-monitor","meta":{},"content":"发送数据: { unitPrice: \u001b[33m0.397\u001b[39m, totalStock: \u001b[33m4920\u001b[39m, personalStock: \u001b[33m0\u001b[39m, totalMoney: \u001b[33m1953.0971\u001b[39m, personalMoney: \u001b[33m0\u001b[39m }","timestamp":1773837622444}
{"id":422,"type":"info","level":2,"name":"stock-monitor","meta":{},"content":"发送数据: { unitPrice: \u001b[33m0.1231\u001b[39m, totalStock: \u001b[33m2720\u001b[39m, personalStock: \u001b[33m0\u001b[39m, totalMoney: \u001b[33m334.7259\u001b[39m, personalMoney: \u001b[33m0\u001b[39m }","timestamp":1773837740498}
{"id":424,"type":"info","level":2,"name":"stock-monitor","meta":{},"content":"发送数据: { unitPrice: \u001b[33m0.1021\u001b[39m, totalStock: \u001b[33m18195\u001b[39m, personalStock: \u001b[33m0\u001b[39m, totalMoney: \u001b[33m1858.4487\u001b[39m, personalMoney: \u001b[33m0\u001b[39m }","timestamp":1773837860213}
{"id":426,"type":"info","level":2,"name":"stock-monitor","meta":{},"content":"发送数据: { unitPrice: \u001b[33m0.0051\u001b[39m, totalStock: \u001b[33m45400\u001b[39m, personalStock: \u001b[33m0\u001b[39m, totalMoney: \u001b[33m231.8592\u001b[39m, personalMoney: \u001b[33m0\u001b[39m }","timestamp":1773837980705}
{"id":428,"type":"info","level":2,"name":"stock-monitor","meta":{},"content":"发送数据: { unitPrice: \u001b[33m1\u001b[39m, totalStock: \u001b[33m1000\u001b[39m, personalStock: \u001b[33m0\u001b[39m, totalMoney: \u001b[33m1000\u001b[39m, personalMoney: \u001b[33m0\u001b[39m }","timestamp":1773838099506}
{"id":430,"type":"info","level":2,"name":"stock-monitor","meta":{},"content":"发送数据: { unitPrice: \u001b[33m0.97\u001b[39m, totalStock: \u001b[33m3888\u001b[39m, personalStock: \u001b[33m0\u001b[39m, totalMoney: \u001b[33m3771.36\u001b[39m, personalMoney: \u001b[33m0\u001b[39m }","timestamp":1773838220209}
{"id":441,"type":"info","level":2,"name":"stock-monitor","meta":{},"content":"发送数据: { unitPrice: \u001b[33m0.7954\u001b[39m, totalStock: \u001b[33m1788\u001b[39m, personalStock: \u001b[33m0\u001b[39m, totalMoney: \u001b[33m1422.1752\u001b[39m, personalMoney: \u001b[33m0\u001b[39m }","timestamp":1773838341288}
{"id":443,"type":"info","level":2,"name":"stock-monitor","meta":{},"content":"发送数据: { unitPrice: \u001b[33m1.0579\u001b[39m, totalStock: \u001b[33m1988\u001b[39m, personalStock: \u001b[33m0\u001b[39m, totalMoney: \u001b[33m2103.0694\u001b[39m, personalMoney: \u001b[33m0\u001b[39m }","timestamp":1773838460285}
{"id":445,"type":"info","level":2,"name":"stock-monitor","meta":{},"content":"发送数据: { unitPrice: \u001b[33m1.0579\u001b[39m, totalStock: \u001b[33m1307\u001b[39m, personalStock: \u001b[33m0\u001b[39m, totalMoney: \u001b[33m1382.6518\u001b[39m, personalMoney: \u001b[33m0\u001b[39m }","timestamp":1773838580525}
{"id":447,"type":"info","level":2,"name":"stock-monitor","meta":{},"content":"发送数据: { unitPrice: \u001b[33m0.9098\u001b[39m, totalStock: \u001b[33m1307\u001b[39m, personalStock: \u001b[33m0\u001b[39m, totalMoney: \u001b[33m1189.0805\u001b[39m, personalMoney: \u001b[33m0\u001b[39m }","timestamp":1773838700703}
{"id":449,"type":"info","level":2,"name":"stock-monitor","meta":{},"content":"发送数据: { unitPrice: \u001b[33m0.7642\u001b[39m, totalStock: \u001b[33m1328\u001b[39m, personalStock: \u001b[33m0\u001b[39m, totalMoney: \u001b[33m1014.8761\u001b[39m, personalMoney: \u001b[33m0\u001b[39m }","timestamp":1773838821320}
{"id":451,"type":"info","level":2,"name":"stock-monitor","meta":{},"content":"发送数据: { unitPrice: \u001b[33m1.2304\u001b[39m, totalStock: \u001b[33m1528\u001b[39m, personalStock: \u001b[33m0\u001b[39m, totalMoney: \u001b[33m1880.0275\u001b[39m, personalMoney: \u001b[33m0\u001b[39m }","timestamp":1773838941312}
{"id":453,"type":"info","level":2,"name":"stock-monitor","meta":{},"content":"发送数据: { unitPrice: \u001b[33m1.4149\u001b[39m, totalStock: \u001b[33m1498\u001b[39m, personalStock: \u001b[33m0\u001b[39m, totalMoney: \u001b[33m2119.5833\u001b[39m, personalMoney: \u001b[33m0\u001b[39m }","timestamp":1773839060250}
{"id":454,"type":"info","level":2,"name":"stock-monitor","meta":{},"content":"发送数据: { unitPrice: \u001b[33m1.4149\u001b[39m, totalStock: \u001b[33m1276\u001b[39m, personalStock: \u001b[33m0\u001b[39m, totalMoney: \u001b[33m1805.4662\u001b[39m, personalMoney: \u001b[33m0\u001b[39m }","timestamp":1773839101377}
{"id":456,"type":"info","level":2,"name":"stock-monitor","meta":{},"content":"发送数据: { unitPrice: \u001b[33m1.4432\u001b[39m, totalStock: \u001b[33m1268\u001b[39m, personalStock: \u001b[33m0\u001b[39m, totalMoney: \u001b[33m1830.0296\u001b[39m, personalMoney: \u001b[33m0\u001b[39m }","timestamp":1773839181295}
{"id":468,"type":"info","level":2,"name":"stock-monitor","meta":{},"content":"发送数据: { unitPrice: \u001b[33m0.3752\u001b[39m, totalStock: \u001b[33m1309\u001b[39m, personalStock: \u001b[33m0\u001b[39m, totalMoney: \u001b[33m491.1926\u001b[39m, personalMoney: \u001b[33m0\u001b[39m }","timestamp":1773839302770}
{"id":470,"type":"info","level":2,"name":"stock-monitor","meta":{},"content":"发送数据: { unitPrice: \u001b[33m1\u001b[39m, totalStock: \u001b[33m1000\u001b[39m, personalStock: \u001b[33m0\u001b[39m, totalMoney: \u001b[33m1000\u001b[39m, personalMoney: \u001b[33m0\u001b[39m }","timestamp":1773839421923}
{"id":472,"type":"info","level":2,"name":"stock-monitor","meta":{},"content":"发送数据: { unitPrice: \u001b[33m1.91\u001b[39m, totalStock: \u001b[33m1387\u001b[39m, personalStock: \u001b[33m0\u001b[39m, totalMoney: \u001b[33m2649.17\u001b[39m, personalMoney: \u001b[33m0\u001b[39m }","timestamp":1773839542134}
{"id":474,"type":"info","level":2,"name":"stock-monitor","meta":{},"content":"发送数据: { unitPrice: \u001b[33m0.8022\u001b[39m, totalStock: \u001b[33m1373\u001b[39m, personalStock: \u001b[33m0\u001b[39m, totalMoney: \u001b[33m1101.4206\u001b[39m, personalMoney: \u001b[33m0\u001b[39m }","timestamp":1773839662580}
{"id":475,"type":"warn","level":2,"name":"DEV:adapter-iirose","meta":{},"content":"获取或转换图片失败: http://s.iirose.com/images/icon/cartoon/601433.jpg TypeError: terminated \u001b[90m    at Fetch.onAborted (node:internal/deps/undici/undici:11000:53)\u001b[39m \u001b[90m    at Fetch.emit (node:events:513:28)\u001b[39m \u001b[90m    at Fetch.terminate (node:internal/deps/undici/undici:10272:14)\u001b[39m \u001b[90m    at Object.onError (node:internal/deps/undici/undici:11095:36)\u001b[39m at Request.onError \u001b[90m(E:\\Desktop\\test\\koishiBot\\koishiBot\\\u001b[39mnode_modules\\\u001b[4mundici\u001b[24m\\lib\\core\\request.js:298:27\u001b[90m)\u001b[39m at Object.errorRequest \u001b[90m(E:\\Desktop\\test\\koishiBot\\koishiBot\\\u001b[39mnode_modules\\\u001b[4mundici\u001b[24m\\lib\\core\\util.js:560:13\u001b[90m)\u001b[39m at Socket.<anonymous> \u001b[90m(E:\\Desktop\\test\\koishiBot\\koishiBot\\\u001b[39mnode_modules\\\u001b[4mundici\u001b[24m\\lib\\dispatcher\\client-h1.js:716:12\u001b[90m)\u001b[39m \u001b[90m    at Socket.emit (node:events:525:35)\u001b[39m \u001b[90m    at TCP.<anonymous> (node:net:313:12)\u001b[39m { [cause]: Error: read ECONNRESET \u001b[90m    at __node_internal_captureLargerStackTrace (node:internal/errors:484:5)\u001b[39m \u001b[90m    at __node_internal_errnoException (node:internal/errors:614:12)\u001b[39m \u001b[90m    at TCP.onStreamRead (node:internal/stream_base_commons:217:20)\u001b[39m { errno: \u001b[33m-4077\u001b[39m, code: \u001b[32m'ECONNRESET'\u001b[39m, syscall: \u001b[32m'read'\u001b[39m } }","timestamp":1773839774748}
{"id":477,"type":"info","level":2,"name":"stock-monitor","meta":{},"content":"发送数据: { unitPrice: \u001b[33m1.444\u001b[39m, totalStock: \u001b[33m1381\u001b[39m, personalStock: \u001b[33m0\u001b[39m, totalMoney: \u001b[33m1994.1088\u001b[39m, personalMoney: \u001b[33m0\u001b[39m }","timestamp":1773839780626}
{"id":479,"type":"info","level":2,"name":"stock-monitor","meta":{},"content":"发送数据: { unitPrice: \u001b[33m2.8446\u001b[39m, totalStock: \u001b[33m1369\u001b[39m, personalStock: \u001b[33m0\u001b[39m, totalMoney: \u001b[33m3894.259\u001b[39m, personalMoney: \u001b[33m0\u001b[39m }","timestamp":1773839901700}
{"id":481,"type":"info","level":2,"name":"stock-monitor","meta":{},"content":"发送数据: { unitPrice: \u001b[33m0.7396\u001b[39m, totalStock: \u001b[33m1766\u001b[39m, personalStock: \u001b[33m0\u001b[39m, totalMoney: \u001b[33m1306.1271\u001b[39m, personalMoney: \u001b[33m0\u001b[39m }","timestamp":1773840021063}
{"id":492,"type":"info","level":2,"name":"stock-monitor","meta":{},"content":"发送数据: { unitPrice: \u001b[33m0.9763\u001b[39m, totalStock: \u001b[33m3785\u001b[39m, personalStock: \u001b[33m0\u001b[39m, totalMoney: \u001b[33m3695.1711\u001b[39m, personalMoney: \u001b[33m0\u001b[39m }","timestamp":1773840142789}
{"id":498,"type":"info","level":2,"name":"stock-monitor","meta":{},"content":"发送数据: { unitPrice: \u001b[33m1.5816\u001b[39m, totalStock: \u001b[33m1877\u001b[39m, personalStock: \u001b[33m0\u001b[39m, totalMoney: \u001b[33m2968.5745\u001b[39m, personalMoney: \u001b[33m0\u001b[39m }","timestamp":1773840262314}
{"id":500,"type":"info","level":2,"name":"stock-monitor","meta":{},"content":"发送数据: { unitPrice: \u001b[33m0.4745\u001b[39m, totalStock: \u001b[33m2621\u001b[39m, personalStock: \u001b[33m0\u001b[39m, totalMoney: \u001b[33m1243.5749\u001b[39m, personalMoney: \u001b[33m0\u001b[39m }","timestamp":1773840382091}
{"id":502,"type":"info","level":2,"name":"stock-monitor","meta":{},"content":"发送数据: { unitPrice: \u001b[33m0.4368\u001b[39m, totalStock: \u001b[33m1857\u001b[39m, personalStock: \u001b[33m0\u001b[39m, totalMoney: \u001b[33m811.083\u001b[39m, personalMoney: \u001b[33m0\u001b[39m }","timestamp":1773840503616}
{"id":504,"type":"info","level":2,"name":"stock-monitor","meta":{},"content":"发送数据: { unitPrice: \u001b[33m0.6027\u001b[39m, totalStock: \u001b[33m10257\u001b[39m, personalStock: \u001b[33m0\u001b[39m, totalMoney: \u001b[33m6182.3396\u001b[39m, personalMoney: \u001b[33m0\u001b[39m }","timestamp":1773840622415}
{"id":506,"type":"info","level":2,"name":"stock-monitor","meta":{},"content":"发送数据: { unitPrice: \u001b[33m1.198\u001b[39m, totalStock: \u001b[33m3428\u001b[39m, personalStock: \u001b[33m0\u001b[39m, totalMoney: \u001b[33m4106.6808\u001b[39m, personalMoney: \u001b[33m0\u001b[39m }","timestamp":1773840742705}
{"id":508,"type":"info","level":2,"name":"stock-monitor","meta":{},"content":"发送数据: { unitPrice: \u001b[33m0.3953\u001b[39m, totalStock: \u001b[33m1745\u001b[39m, personalStock: \u001b[33m0\u001b[39m, totalMoney: \u001b[33m689.8577\u001b[39m, personalMoney: \u001b[33m0\u001b[39m }","timestamp":1773840862808}
{"id":510,"type":"info","level":2,"name":"stock-monitor","meta":{},"content":"发送数据: { unitPrice: \u001b[33m0.4902\u001b[39m, totalStock: \u001b[33m3745\u001b[39m, personalStock: \u001b[33m0\u001b[39m, totalMoney: \u001b[33m1835.8516\u001b[39m, personalMoney: \u001b[33m0\u001b[39m }","timestamp":1773840982599}
{"id":512,"type":"info","level":2,"name":"stock-monitor","meta":{},"content":"发送数据: { unitPrice: \u001b[33m0.4216\u001b[39m, totalStock: \u001b[33m2839\u001b[39m, personalStock: \u001b[33m0\u001b[39m, totalMoney: \u001b[33m1196.8772\u001b[39m, personalMoney: \u001b[33m0\u001b[39m }","timestamp":1773841102672}
{"id":513,"type":"warn","level":2,"name":"DEV:adapter-iirose","meta":{},"content":"获取或转换图片失败: http://s.iirose.com/images/icon/cartoon/601433.jpg TypeError: terminated \u001b[90m    at Fetch.onAborted (node:internal/deps/undici/undici:11000:53)\u001b[39m \u001b[90m    at Fetch.emit (node:events:513:28)\u001b[39m \u001b[90m    at Fetch.terminate (node:internal/deps/undici/undici:10272:14)\u001b[39m \u001b[90m    at Object.onError (node:internal/deps/undici/undici:11095:36)\u001b[39m at Request.onError \u001b[90m(E:\\Desktop\\test\\koishiBot\\koishiBot\\\u001b[39mnode_modules\\\u001b[4mundici\u001b[24m\\lib\\core\\request.js:298:27\u001b[90m)\u001b[39m at Object.errorRequest \u001b[90m(E:\\Desktop\\test\\koishiBot\\koishiBot\\\u001b[39mnode_modules\\\u001b[4mundici\u001b[24m\\lib\\core\\util.js:560:13\u001b[90m)\u001b[39m at Socket.<anonymous> \u001b[90m(E:\\Desktop\\test\\koishiBot\\koishiBot\\\u001b[39mnode_modules\\\u001b[4mundici\u001b[24m\\lib\\dispatcher\\client-h1.js:716:12\u001b[90m)\u001b[39m \u001b[90m    at Socket.emit (node:events:525:35)\u001b[39m \u001b[90m    at TCP.<anonymous> (node:net:313:12)\u001b[39m { [cause]: Error: read ECONNRESET \u001b[90m    at __node_internal_captureLargerStackTrace (node:internal/errors:484:5)\u001b[39m \u001b[90m    at __node_internal_errnoException (node:internal/errors:614:12)\u001b[39m \u001b[90m    at TCP.onStreamRead (node:internal/stream_base_commons:217:20)\u001b[39m { errno: \u001b[33m-4077\u001b[39m, code: \u001b[32m'ECONNRESET'\u001b[39m, syscall: \u001b[32m'read'\u001b[39m } }","timestamp":1773841195940}
{"id":524,"type":"info","level":2,"name":"stock-monitor","meta":{},"content":"发送数据: { unitPrice: \u001b[33m0.0253\u001b[39m, totalStock: \u001b[33m3240\u001b[39m, personalStock: \u001b[33m0\u001b[39m, totalMoney: \u001b[33m81.9559\u001b[39m, personalMoney: \u001b[33m0\u001b[39m }","timestamp":1773841222331}
{"id":526,"type":"info","level":2,"name":"stock-monitor","meta":{},"content":"发送数据: { unitPrice: \u001b[33m0.2074\u001b[39m, totalStock: \u001b[33m3240\u001b[39m, personalStock: \u001b[33m0\u001b[39m, totalMoney: \u001b[33m671.9559\u001b[39m, personalMoney: \u001b[33m0\u001b[39m }","timestamp":1773841342236}
{"id":528,"type":"info","level":2,"name":"stock-monitor","meta":{},"content":"发送数据: { unitPrice: \u001b[33m0.4187\u001b[39m, totalStock: \u001b[33m3928\u001b[39m, personalStock: \u001b[33m0\u001b[39m, totalMoney: \u001b[33m1644.6429\u001b[39m, personalMoney: \u001b[33m0\u001b[39m }","timestamp":1773841462960}
{"id":530,"type":"info","level":2,"name":"stock-monitor","meta":{},"content":"发送数据: { unitPrice: \u001b[33m0.4797\u001b[39m, totalStock: \u001b[33m1311\u001b[39m, personalStock: \u001b[33m0\u001b[39m, totalMoney: \u001b[33m628.9121\u001b[39m, personalMoney: \u001b[33m0\u001b[39m }","timestamp":1773841583115}
{"id":532,"type":"info","level":2,"name":"stock-monitor","meta":{},"content":"发送数据: { unitPrice: \u001b[33m0.0323\u001b[39m, totalStock: \u001b[33m1587\u001b[39m, personalStock: \u001b[33m0\u001b[39m, totalMoney: \u001b[33m51.3147\u001b[39m, personalMoney: \u001b[33m0\u001b[39m }","timestamp":1773841703820}
{"id":534,"type":"info","level":2,"name":"stock-monitor","meta":{},"content":"发送数据: { unitPrice: \u001b[33m1\u001b[39m, totalStock: \u001b[33m1000\u001b[39m, personalStock: \u001b[33m0\u001b[39m, totalMoney: \u001b[33m1000\u001b[39m, personalMoney: \u001b[33m0\u001b[39m }","timestamp":1773841824732}
{"id":536,"type":"info","level":2,"name":"stock-monitor","meta":{},"content":"发送数据: { unitPrice: \u001b[33m0.82\u001b[39m, totalStock: \u001b[33m1657\u001b[39m, personalStock: \u001b[33m0\u001b[39m, totalMoney: \u001b[33m1358.74\u001b[39m, personalMoney: \u001b[33m0\u001b[39m }","timestamp":1773841943221}
{"id":538,"type":"info","level":2,"name":"stock-monitor","meta":{},"content":"发送数据: { unitPrice: \u001b[33m0.0164\u001b[39m, totalStock: \u001b[33m2197\u001b[39m, personalStock: \u001b[33m0\u001b[39m, totalMoney: \u001b[33m36.0308\u001b[39m, personalMoney: \u001b[33m0\u001b[39m }","timestamp":1773842063487}
{"id":540,"type":"info","level":2,"name":"stock-monitor","meta":{},"content":"发送数据: { unitPrice: \u001b[33m1\u001b[39m, totalStock: \u001b[33m1000\u001b[39m, personalStock: \u001b[33m0\u001b[39m, totalMoney: \u001b[33m1000\u001b[39m, personalMoney: \u001b[33m0\u001b[39m }","timestamp":1773842184854}
{"id":542,"type":"info","level":2,"name":"stock-monitor","meta":{},"content":"发送数据: { unitPrice: \u001b[33m1.97\u001b[39m, totalStock: \u001b[33m2408\u001b[39m, personalStock: \u001b[33m0\u001b[39m, totalMoney: \u001b[33m4743.76\u001b[39m, personalMoney: \u001b[33m0\u001b[39m }","timestamp":1773842307486}
{"id":553,"type":"info","level":2,"name":"stock-monitor","meta":{},"content":"发送数据: { unitPrice: \u001b[33m1.6942\u001b[39m, totalStock: \u001b[33m1267\u001b[39m, personalStock: \u001b[33m0\u001b[39m, totalMoney: \u001b[33m2146.5514\u001b[39m, personalMoney: \u001b[33m0\u001b[39m }","timestamp":1773842424887}
{"id":555,"type":"info","level":2,"name":"stock-monitor","meta":{},"content":"发送数据: { unitPrice: \u001b[33m0.2372\u001b[39m, totalStock: \u001b[33m1437\u001b[39m, personalStock: \u001b[33m0\u001b[39m, totalMoney: \u001b[33m340.8392\u001b[39m, personalMoney: \u001b[33m0\u001b[39m }","timestamp":1773842544866}
{"id":557,"type":"info","level":2,"name":"stock-monitor","meta":{},"content":"发送数据: { unitPrice: \u001b[33m0.1565\u001b[39m, totalStock: \u001b[33m12485\u001b[39m, personalStock: \u001b[33m0\u001b[39m, totalMoney: \u001b[33m1954.4528\u001b[39m, personalMoney: \u001b[33m0\u001b[39m }","timestamp":1773842664163}
{"id":559,"type":"info","level":2,"name":"stock-monitor","meta":{},"content":"发送数据: { unitPrice: \u001b[33m0.1675\u001b[39m, totalStock: \u001b[33m12363\u001b[39m, personalStock: \u001b[33m0\u001b[39m, totalMoney: \u001b[33m2070.8293\u001b[39m, personalMoney: \u001b[33m0\u001b[39m }","timestamp":1773842784874}
{"id":561,"type":"info","level":2,"name":"stock-monitor","meta":{},"content":"发送数据: { unitPrice: \u001b[33m0.3199\u001b[39m, totalStock: \u001b[33m6553\u001b[39m, personalStock: \u001b[33m0\u001b[39m, totalMoney: \u001b[33m2096.4956\u001b[39m, personalMoney: \u001b[33m0\u001b[39m }","timestamp":1773842904337}
{"id":563,"type":"info","level":2,"name":"stock-monitor","meta":{},"content":"发送数据: { unitPrice: \u001b[33m0.144\u001b[39m, totalStock: \u001b[33m3307\u001b[39m, personalStock: \u001b[33m0\u001b[39m, totalMoney: \u001b[33m476.1025\u001b[39m, personalMoney: \u001b[33m0\u001b[39m }","timestamp":1773843025397}
{"id":565,"type":"info","level":2,"name":"stock-monitor","meta":{},"content":"发送数据: { unitPrice: \u001b[33m1\u001b[39m, totalStock: \u001b[33m1000\u001b[39m, personalStock: \u001b[33m0\u001b[39m, totalMoney: \u001b[33m1000\u001b[39m, personalMoney: \u001b[33m0\u001b[39m }","timestamp":1773843147134}
{"id":566,"type":"warn","level":2,"name":"DEV:adapter-iirose","meta":{},"content":"获取或转换图片失败: http://s.iirose.com/images/icon/cartoon/601433.jpg HTTPError: fetch http://s.iirose.com/images/icon/cartoon/601433.jpg failed at \u001b[90mE:\\Desktop\\test\\koishiBot\\koishiBot\\\u001b[39mnode_modules\\\u001b[4m@cordisjs\u001b[24m\\plugin-http\\lib\\index.cjs:327:23 at async [cordis.invoke] \u001b[90m(E:\\Desktop\\test\\koishiBot\\koishiBot\\\u001b[39mnode_modules\\\u001b[4m@cordisjs\u001b[24m\\plugin-http\\lib\\index.cjs:325:19\u001b[90m)\u001b[39m \u001b[90m    ... 2 lines matching cause stack trace ...\u001b[39m at async \u001b[90mE:\\Desktop\\test\\koishiBot\\koishiBot\\\u001b[39mnode_modules\\\u001b[4mkoishi-plugin-adapter-iirose\u001b[24m\\lib\\index.js:1126:29 { response: \u001b[90mundefined\u001b[39m, code: \u001b[90mundefined\u001b[39m, cause: TypeError: fetch failed \u001b[90m    at Object.fetch (node:internal/deps/undici/undici:11118:11)\u001b[39m at async [cordis.invoke] \u001b[90m(E:\\Desktop\\test\\koishiBot\\koishiBot\\\u001b[39mnode_modules\\\u001b[4m@cordisjs\u001b[24m\\plugin-http\\lib\\index.cjs:325:19\u001b[90m)\u001b[39m at async Proxy.file \u001b[90m(E:\\Desktop\\test\\koishiBot\\koishiBot\\\u001b[39mnode_modules\\\u001b[4m@cordisjs\u001b[24m\\plugin-http\\lib\\index.cjs:410:49\u001b[90m)\u001b[39m at async getImageAsBase64 \u001b[90m(E:\\Desktop\\test\\koishiBot\\koishiBot\\\u001b[39mnode_modules\\\u001b[4mkoishi-plugin-adapter-iirose\u001b[24m\\lib\\index.js:313:28\u001b[90m)\u001b[39m at async \u001b[90mE:\\Desktop\\test\\koishiBot\\koishiBot\\\u001b[39mnode_modules\\\u001b[4mkoishi-plugin-adapter-iirose\u001b[24m\\lib\\index.js:1126:29 { cause: HeadersTimeoutError: Headers Timeout Error at Timeout.onParserTimeout [as callback] \u001b[90m(E:\\Desktop\\test\\koishiBot\\koishiBot\\\u001b[39mnode_modules\\\u001b[4mundici\u001b[24m\\lib\\dispatcher\\client-h1.js:622:28\u001b[90m)\u001b[39m at Timeout.onTimeout [as _onTimeout] \u001b[90m(E:\\Desktop\\test\\koishiBot\\koishiBot\\\u001b[39mnode_modules\\\u001b[4mundici\u001b[24m\\lib\\util\\timers.js:20:13\u001b[90m)\u001b[39m \u001b[90m    at listOnTimeout (node:internal/timers:564:17)\u001b[39m \u001b[90m    at process.processTimers (node:internal/timers:507:7)\u001b[39m { code: \u001b[32m'UND_ERR_HEADERS_TIMEOUT'\u001b[39m } }, [\u001b[32mSymbol(cordis.http.error)\u001b[39m]: \u001b[33mtrue\u001b[39m }","timestamp":1773843207082}
{"id":568,"type":"info","level":2,"name":"stock-monitor","meta":{},"content":"发送数据: { unitPrice: \u001b[33m0.21\u001b[39m, totalStock: \u001b[33m1407\u001b[39m, personalStock: \u001b[33m0\u001b[39m, totalMoney: \u001b[33m295.47\u001b[39m, personalMoney: \u001b[33m0\u001b[39m }","timestamp":1773843264571}
{"id":570,"type":"info","level":2,"name":"stock-monitor","meta":{},"content":"发送数据: { unitPrice: \u001b[33m0.0777\u001b[39m, totalStock: \u001b[33m7503\u001b[39m, personalStock: \u001b[33m0\u001b[39m, totalMoney: \u001b[33m582.9831\u001b[39m, personalMoney: \u001b[33m0\u001b[39m }","timestamp":1773843385619}
{"id":582,"type":"info","level":2,"name":"stock-monitor","meta":{},"content":"发送数据: { unitPrice: \u001b[33m0.2043\u001b[39m, totalStock: \u001b[33m7503\u001b[39m, personalStock: \u001b[33m0\u001b[39m, totalMoney: \u001b[33m1532.9831\u001b[39m, personalMoney: \u001b[33m0\u001b[39m }","timestamp":1773843504267}
{"id":584,"type":"info","level":2,"name":"stock-monitor","meta":{},"content":"发送数据: { unitPrice: \u001b[33m0.1675\u001b[39m, totalStock: \u001b[33m9513\u001b[39m, personalStock: \u001b[33m0\u001b[39m, totalMoney: \u001b[33m1593.7998\u001b[39m, personalMoney: \u001b[33m0\u001b[39m }","timestamp":1773843624426}
{"id":586,"type":"info","level":2,"name":"stock-monitor","meta":{},"content":"发送数据: { unitPrice: \u001b[33m0.2831\u001b[39m, totalStock: \u001b[33m15627\u001b[39m, personalStock: \u001b[33m0\u001b[39m, totalMoney: \u001b[33m4424.6466\u001b[39m, personalMoney: \u001b[33m0\u001b[39m }","timestamp":1773843745682}
{"id":601,"type":"info","level":2,"name":"stock-monitor","meta":{},"content":"发送数据: { unitPrice: \u001b[33m1\u001b[39m, totalStock: \u001b[33m1000\u001b[39m, personalStock: \u001b[33m0\u001b[39m, totalMoney: \u001b[33m1000\u001b[39m, personalMoney: \u001b[33m0\u001b[39m }","timestamp":1773843864981}
{"id":609,"type":"info","level":2,"name":"stock-monitor","meta":{},"content":"发送数据: { unitPrice: \u001b[33m0.39\u001b[39m, totalStock: \u001b[33m1407\u001b[39m, personalStock: \u001b[33m0\u001b[39m, totalMoney: \u001b[33m548.73\u001b[39m, personalMoney: \u001b[33m0\u001b[39m }","timestamp":1773843986207}
{"id":611,"type":"info","level":2,"name":"stock-monitor","meta":{},"content":"发送数据: { unitPrice: \u001b[33m0.6825\u001b[39m, totalStock: \u001b[33m3807\u001b[39m, personalStock: \u001b[33m0\u001b[39m, totalMoney: \u001b[33m2598.2775\u001b[39m, personalMoney: \u001b[33m0\u001b[39m }","timestamp":1773844116658}
{"id":613,"type":"info","level":2,"name":"stock-monitor","meta":{},"content":"发送数据: { unitPrice: \u001b[33m0.4914\u001b[39m, totalStock: \u001b[33m1908\u001b[39m, personalStock: \u001b[33m0\u001b[39m, totalMoney: \u001b[33m937.5912\u001b[39m, personalMoney: \u001b[33m0\u001b[39m }","timestamp":1773844240541}
{"id":615,"type":"info","level":2,"name":"stock-monitor","meta":{},"content":"发送数据: { unitPrice: \u001b[33m0.2752\u001b[39m, totalStock: \u001b[33m2398\u001b[39m, personalStock: \u001b[33m0\u001b[39m, totalMoney: \u001b[33m659.8912\u001b[39m, personalMoney: \u001b[33m0\u001b[39m }","timestamp":1773844344867}
{"id":632,"type":"info","level":2,"name":"stock-monitor","meta":{},"content":"发送数据: { unitPrice: \u001b[33m0.4073\u001b[39m, totalStock: \u001b[33m8501\u001b[39m, personalStock: \u001b[33m0\u001b[39m, totalMoney: \u001b[33m3462.222\u001b[39m, personalMoney: \u001b[33m0\u001b[39m }","timestamp":1773844471185}
{"id":640,"type":"info","level":2,"name":"stock-monitor","meta":{},"content":"发送数据: { unitPrice: \u001b[33m1\u001b[39m, totalStock: \u001b[33m1000\u001b[39m, personalStock: \u001b[33m0\u001b[39m, totalMoney: \u001b[33m1000\u001b[39m, personalMoney: \u001b[33m0\u001b[39m }","timestamp":1773844591004}
{"id":642,"type":"info","level":2,"name":"stock-monitor","meta":{},"content":"发送数据: { unitPrice: \u001b[33m1.55\u001b[39m, totalStock: \u001b[33m1356\u001b[39m, personalStock: \u001b[33m0\u001b[39m, totalMoney: \u001b[33m2101.8\u001b[39m, personalMoney: \u001b[33m0\u001b[39m }","timestamp":1773844712814}
{"id":647,"type":"info","level":2,"name":"stock-monitor","meta":{},"content":"发送数据: { unitPrice: \u001b[33m0.6665\u001b[39m, totalStock: \u001b[33m1276\u001b[39m, personalStock: \u001b[33m0\u001b[39m, totalMoney: \u001b[33m850.454\u001b[39m, personalMoney: \u001b[33m0\u001b[39m }","timestamp":1773844831468}
{"id":649,"type":"info","level":2,"name":"stock-monitor","meta":{},"content":"发送数据: { unitPrice: \u001b[33m0.2445\u001b[39m, totalStock: \u001b[33m1256\u001b[39m, personalStock: \u001b[33m0\u001b[39m, totalMoney: \u001b[33m307.124\u001b[39m, personalMoney: \u001b[33m0\u001b[39m }","timestamp":1773844951082}
{"id":651,"type":"info","level":2,"name":"stock-monitor","meta":{},"content":"发送数据: { unitPrice: \u001b[33m0.1924\u001b[39m, totalStock: \u001b[33m3454\u001b[39m, personalStock: \u001b[33m0\u001b[39m, totalMoney: \u001b[33m664.591\u001b[39m, personalMoney: \u001b[33m0\u001b[39m }","timestamp":1773845070981}
{"id":652,"type":"warn","level":2,"name":"DEV:adapter-iirose","meta":{},"content":"获取或转换图片失败: http://s.iirose.com/images/icon/cartoon/601433.jpg TypeError: terminated \u001b[90m    at Fetch.onAborted (node:internal/deps/undici/undici:11000:53)\u001b[39m \u001b[90m    at Fetch.emit (node:events:513:28)\u001b[39m \u001b[90m    at Fetch.terminate (node:internal/deps/undici/undici:10272:14)\u001b[39m \u001b[90m    at Object.onError (node:internal/deps/undici/undici:11095:36)\u001b[39m at Request.onError \u001b[90m(E:\\Desktop\\test\\koishiBot\\koishiBot\\\u001b[39mnode_modules\\\u001b[4mundici\u001b[24m\\lib\\core\\request.js:298:27\u001b[90m)\u001b[39m at Object.errorRequest \u001b[90m(E:\\Desktop\\test\\koishiBot\\koishiBot\\\u001b[39mnode_modules\\\u001b[4mundici\u001b[24m\\lib\\core\\util.js:560:13\u001b[90m)\u001b[39m at Socket.<anonymous> \u001b[90m(E:\\Desktop\\test\\koishiBot\\koishiBot\\\u001b[39mnode_modules\\\u001b[4mundici\u001b[24m\\lib\\dispatcher\\client-h1.js:716:12\u001b[90m)\u001b[39m \u001b[90m    at Socket.emit (node:events:525:35)\u001b[39m \u001b[90m    at TCP.<anonymous> (node:net:313:12)\u001b[39m { [cause]: BodyTimeoutError: Body Timeout Error at Timeout.onParserTimeout [as callback] \u001b[90m(E:\\Desktop\\test\\koishiBot\\koishiBot\\\u001b[39mnode_modules\\\u001b[4mundici\u001b[24m\\lib\\dispatcher\\client-h1.js:626:28\u001b[90m)\u001b[39m at Timeout.onTimeout [as _onTimeout] \u001b[90m(E:\\Desktop\\test\\koishiBot\\koishiBot\\\u001b[39mnode_modules\\\u001b[4mundici\u001b[24m\\lib\\util\\timers.js:20:13\u001b[90m)\u001b[39m \u001b[90m    at listOnTimeout (node:internal/timers:564:17)\u001b[39m \u001b[90m    at process.processTimers (node:internal/timers:507:7)\u001b[39m { code: \u001b[32m'UND_ERR_BODY_TIMEOUT'\u001b[39m } }","timestamp":1773845090149}
{"id":654,"type":"info","level":2,"name":"stock-monitor","meta":{},"content":"发送数据: { unitPrice: \u001b[33m0.3386\u001b[39m, totalStock: \u001b[33m5944\u001b[39m, personalStock: \u001b[33m0\u001b[39m, totalMoney: \u001b[33m2012.9064\u001b[39m, personalMoney: \u001b[33m0\u001b[39m }","timestamp":1773845191898}
{"id":656,"type":"info","level":2,"name":"stock-monitor","meta":{},"content":"发送数据: { unitPrice: \u001b[33m1.103\u001b[39m, totalStock: \u001b[33m1256\u001b[39m, personalStock: \u001b[33m0\u001b[39m, totalMoney: \u001b[33m1385.3382\u001b[39m, personalMoney: \u001b[33m0\u001b[39m }","timestamp":1773845312712}
{"id":658,"type":"info","level":2,"name":"stock-monitor","meta":{},"content":"发送数据: { unitPrice: \u001b[33m1.1912\u001b[39m, totalStock: \u001b[33m1546\u001b[39m, personalStock: \u001b[33m0\u001b[39m, totalMoney: \u001b[33m1841.6175\u001b[39m, personalMoney: \u001b[33m0\u001b[39m }","timestamp":1773845431809}
{"id":660,"type":"info","level":2,"name":"stock-monitor","meta":{},"content":"发送数据: { unitPrice: \u001b[33m1.9298\u001b[39m, totalStock: \u001b[33m1456\u001b[39m, personalStock: \u001b[33m0\u001b[39m, totalMoney: \u001b[33m2809.7413\u001b[39m, personalMoney: \u001b[33m0\u001b[39m }","timestamp":1773845550932}
{"id":662,"type":"info","level":2,"name":"stock-monitor","meta":{},"content":"发送数据: { unitPrice: \u001b[33m3.2999\u001b[39m, totalStock: \u001b[33m1756\u001b[39m, personalStock: \u001b[33m0\u001b[39m, totalMoney: \u001b[33m5794.6282\u001b[39m, personalMoney: \u001b[33m0\u001b[39m }","timestamp":1773845672138}
{"id":663,"type":"warn","level":2,"name":"DEV:adapter-iirose","meta":{},"content":"获取或转换图片失败: http://s.iirose.com/images/icon/cartoon/601433.jpg TypeError: terminated \u001b[90m    at Fetch.onAborted (node:internal/deps/undici/undici:11000:53)\u001b[39m \u001b[90m    at Fetch.emit (node:events:513:28)\u001b[39m \u001b[90m    at Fetch.terminate (node:internal/deps/undici/undici:10272:14)\u001b[39m \u001b[90m    at Object.onError (node:internal/deps/undici/undici:11095:36)\u001b[39m at Request.onError \u001b[90m(E:\\Desktop\\test\\koishiBot\\koishiBot\\\u001b[39mnode_modules\\\u001b[4mundici\u001b[24m\\lib\\core\\request.js:298:27\u001b[90m)\u001b[39m at Object.errorRequest \u001b[90m(E:\\Desktop\\test\\koishiBot\\koishiBot\\\u001b[39mnode_modules\\\u001b[4mundici\u001b[24m\\lib\\core\\util.js:560:13\u001b[90m)\u001b[39m at Socket.<anonymous> \u001b[90m(E:\\Desktop\\test\\koishiBot\\koishiBot\\\u001b[39mnode_modules\\\u001b[4mundici\u001b[24m\\lib\\dispatcher\\client-h1.js:716:12\u001b[90m)\u001b[39m \u001b[90m    at Socket.emit (node:events:525:35)\u001b[39m \u001b[90m    at TCP.<anonymous> (node:net:313:12)\u001b[39m { [cause]: BodyTimeoutError: Body Timeout Error at Timeout.onParserTimeout [as callback] \u001b[90m(E:\\Desktop\\test\\koishiBot\\koishiBot\\\u001b[39mnode_modules\\\u001b[4mundici\u001b[24m\\lib\\dispatcher\\client-h1.js:626:28\u001b[90m)\u001b[39m at Timeout.onTimeout [as _onTimeout] \u001b[90m(E:\\Desktop\\test\\koishiBot\\koishiBot\\\u001b[39mnode_modules\\\u001b[4mundici\u001b[24m\\lib\\util\\timers.js:20:13\u001b[90m)\u001b[39m \u001b[90m    at listOnTimeout (node:internal/timers:564:17)\u001b[39m \u001b[90m    at process.processTimers (node:internal/timers:507:7)\u001b[39m { code: \u001b[32m'UND_ERR_BODY_TIMEOUT'\u001b[39m } }","timestamp":1773845721966}
{"id":665,"type":"info","level":2,"name":"stock-monitor","meta":{},"content":"发送数据: { unitPrice: \u001b[33m0.957\u001b[39m, totalStock: \u001b[33m1861\u001b[39m, personalStock: \u001b[33m0\u001b[39m, totalMoney: \u001b[33m1780.9242\u001b[39m, personalMoney: \u001b[33m0\u001b[39m }","timestamp":1773845792043}
{"id":667,"type":"info","level":2,"name":"stock-monitor","meta":{},"content":"发送数据: { unitPrice: \u001b[33m0.3349\u001b[39m, totalStock: \u001b[33m2687\u001b[39m, personalStock: \u001b[33m0\u001b[39m, totalMoney: \u001b[33m899.984\u001b[39m, personalMoney: \u001b[33m0\u001b[39m }","timestamp":1773845912322}
{"id":669,"type":"info","level":2,"name":"stock-monitor","meta":{},"content":"发送数据: { unitPrice: \u001b[33m0.0234\u001b[39m, totalStock: \u001b[33m12029\u001b[39m, personalStock: \u001b[33m0\u001b[39m, totalMoney: \u001b[33m282.0296\u001b[39m, personalMoney: \u001b[33m0\u001b[39m }","timestamp":1773846033381}
{"id":671,"type":"info","level":2,"name":"stock-monitor","meta":{},"content":"发送数据: { unitPrice: \u001b[33m1\u001b[39m, totalStock: \u001b[33m1000\u001b[39m, personalStock: \u001b[33m0\u001b[39m, totalMoney: \u001b[33m1000\u001b[39m, personalMoney: \u001b[33m0\u001b[39m }","timestamp":1773846152303}
{"id":673,"type":"info","level":2,"name":"stock-monitor","meta":{},"content":"发送数据: { unitPrice: \u001b[33m1.53\u001b[39m, totalStock: \u001b[33m2091\u001b[39m, personalStock: \u001b[33m0\u001b[39m, totalMoney: \u001b[33m3199.23\u001b[39m, personalMoney: \u001b[33m0\u001b[39m }","timestamp":1773846272226}
{"id":686,"type":"info","level":2,"name":"stock-monitor","meta":{},"content":"发送数据: { unitPrice: \u001b[33m0.5049\u001b[39m, totalStock: \u001b[33m1356\u001b[39m, personalStock: \u001b[33m0\u001b[39m, totalMoney: \u001b[33m684.6444\u001b[39m, personalMoney: \u001b[33m0\u001b[39m }","timestamp":1773846392260}
{"id":688,"type":"info","level":2,"name":"stock-monitor","meta":{},"content":"发送数据: { unitPrice: \u001b[33m0.5049\u001b[39m, totalStock: \u001b[33m1396\u001b[39m, personalStock: \u001b[33m0\u001b[39m, totalMoney: \u001b[33m704.8404\u001b[39m, personalMoney: \u001b[33m0\u001b[39m }","timestamp":1773846513397}
{"id":689,"type":"info","level":2,"name":"stock-monitor","meta":{},"content":"发送数据: { unitPrice: \u001b[33m0.5049\u001b[39m, totalStock: \u001b[33m1436\u001b[39m, personalStock: \u001b[33m0\u001b[39m, totalMoney: \u001b[33m725.0364\u001b[39m, personalMoney: \u001b[33m0\u001b[39m }","timestamp":1773846550533}
{"id":691,"type":"info","level":2,"name":"stock-monitor","meta":{},"content":"发送数据: { unitPrice: \u001b[33m0.828\u001b[39m, totalStock: \u001b[33m2475\u001b[39m, personalStock: \u001b[33m0\u001b[39m, totalMoney: \u001b[33m2049.3891\u001b[39m, personalMoney: \u001b[33m0\u001b[39m }","timestamp":1773846632143}
{"id":693,"type":"info","level":2,"name":"stock-monitor","meta":{},"content":"发送数据: { unitPrice: \u001b[33m1.5153\u001b[39m, totalStock: \u001b[33m1356\u001b[39m, personalStock: \u001b[33m0\u001b[39m, totalMoney: \u001b[33m2054.7548\u001b[39m, personalMoney: \u001b[33m0\u001b[39m }","timestamp":1773846754429}
{"id":698,"type":"info","level":2,"name":"stock-monitor","meta":{},"content":"发送数据: { unitPrice: \u001b[33m1.6365\u001b[39m, totalStock: \u001b[33m1356\u001b[39m, personalStock: \u001b[33m0\u001b[39m, totalMoney: \u001b[33m2219.1352\u001b[39m, personalMoney: \u001b[33m0\u001b[39m }","timestamp":1773846873040}
{"id":700,"type":"info","level":2,"name":"stock-monitor","meta":{},"content":"发送数据: { unitPrice: \u001b[33m1.8165\u001b[39m, totalStock: \u001b[33m1921\u001b[39m, personalStock: \u001b[33m0\u001b[39m, totalMoney: \u001b[33m3489.59\u001b[39m, personalMoney: \u001b[33m0\u001b[39m }","timestamp":1773846992675}
{"id":702,"type":"info","level":2,"name":"stock-monitor","meta":{},"content":"发送数据: { unitPrice: \u001b[33m3.2153\u001b[39m, totalStock: \u001b[33m1256\u001b[39m, personalStock: \u001b[33m0\u001b[39m, totalMoney: \u001b[33m4038.4057\u001b[39m, personalMoney: \u001b[33m0\u001b[39m }","timestamp":1773847113093}
{"id":712,"type":"warn","level":2,"name":"DEV:adapter-iirose","meta":{},"content":"获取或转换图片失败: http://s.iirose.com/images/icon/cartoon/601433.jpg TypeError: terminated \u001b[90m    at Fetch.onAborted (node:internal/deps/undici/undici:11000:53)\u001b[39m \u001b[90m    at Fetch.emit (node:events:513:28)\u001b[39m \u001b[90m    at Fetch.terminate (node:internal/deps/undici/undici:10272:14)\u001b[39m \u001b[90m    at Object.onError (node:internal/deps/undici/undici:11095:36)\u001b[39m at Request.onError \u001b[90m(E:\\Desktop\\test\\koishiBot\\koishiBot\\\u001b[39mnode_modules\\\u001b[4mundici\u001b[24m\\lib\\core\\request.js:298:27\u001b[90m)\u001b[39m at Object.errorRequest \u001b[90m(E:\\Desktop\\test\\koishiBot\\koishiBot\\\u001b[39mnode_modules\\\u001b[4mundici\u001b[24m\\lib\\core\\util.js:560:13\u001b[90m)\u001b[39m at Socket.<anonymous> \u001b[90m(E:\\Desktop\\test\\koishiBot\\koishiBot\\\u001b[39mnode_modules\\\u001b[4mundici\u001b[24m\\lib\\dispatcher\\client-h1.js:716:12\u001b[90m)\u001b[39m \u001b[90m    at Socket.emit (node:events:525:35)\u001b[39m \u001b[90m    at TCP.<anonymous> (node:net:313:12)\u001b[39m { [cause]: Error: read ECONNRESET \u001b[90m    at __node_internal_captureLargerStackTrace (node:internal/errors:484:5)\u001b[39m \u001b[90m    at __node_internal_errnoException (node:internal/errors:614:12)\u001b[39m \u001b[90m    at TCP.onStreamRead (node:internal/stream_base_commons:217:20)\u001b[39m { errno: \u001b[33m-4077\u001b[39m, code: \u001b[32m'ECONNRESET'\u001b[39m, syscall: \u001b[32m'read'\u001b[39m } }","timestamp":1773847228123}
{"id":714,"type":"info","level":2,"name":"stock-monitor","meta":{},"content":"发送数据: { unitPrice: \u001b[33m2.2186\u001b[39m, totalStock: \u001b[33m1449\u001b[39m, personalStock: \u001b[33m0\u001b[39m, totalMoney: \u001b[33m3214.6803\u001b[39m, personalMoney: \u001b[33m0\u001b[39m }","timestamp":1773847233889}
{"id":716,"type":"info","level":2,"name":"stock-monitor","meta":{},"content":"发送数据: { unitPrice: \u001b[33m1.7748\u001b[39m, totalStock: \u001b[33m1566\u001b[39m, personalStock: \u001b[33m0\u001b[39m, totalMoney: \u001b[33m2779.4006\u001b[39m, personalMoney: \u001b[33m0\u001b[39m }","timestamp":1773847354026}
{"id":718,"type":"info","level":2,"name":"stock-monitor","meta":{},"content":"发送数据: { unitPrice: \u001b[33m1.2956\u001b[39m, totalStock: \u001b[33m1896\u001b[39m, personalStock: \u001b[33m0\u001b[39m, totalMoney: \u001b[33m2456.5216\u001b[39m, personalMoney: \u001b[33m0\u001b[39m }","timestamp":1773847473176}
{"id":720,"type":"info","level":2,"name":"stock-monitor","meta":{},"content":"发送数据: { unitPrice: \u001b[33m2.5524\u001b[39m, totalStock: \u001b[33m1310\u001b[39m, personalStock: \u001b[33m0\u001b[39m, totalMoney: \u001b[33m3343.642\u001b[39m, personalMoney: \u001b[33m0\u001b[39m }","timestamp":1773847595023}
{"id":722,"type":"info","level":2,"name":"stock-monitor","meta":{},"content":"发送数据: { unitPrice: \u001b[33m2.9608\u001b[39m, totalStock: \u001b[33m2120\u001b[39m, personalStock: \u001b[33m0\u001b[39m, totalMoney: \u001b[33m6276.8583\u001b[39m, personalMoney: \u001b[33m0\u001b[39m }","timestamp":1773847713563}
{"id":724,"type":"info","level":2,"name":"stock-monitor","meta":{},"content":"发送数据: { unitPrice: \u001b[33m1.7765\u001b[39m, totalStock: \u001b[33m1382\u001b[39m, personalStock: \u001b[33m0\u001b[39m, totalMoney: \u001b[33m2455.0806\u001b[39m, personalMoney: \u001b[33m0\u001b[39m }","timestamp":1773847833779}
{"id":725,"type":"info","level":2,"name":"stock-monitor","meta":{},"content":"发送数据: { unitPrice: \u001b[33m1.7765\u001b[39m, totalStock: \u001b[33m1278\u001b[39m, personalStock: \u001b[33m0\u001b[39m, totalMoney: \u001b[33m2270.3278\u001b[39m, personalMoney: \u001b[33m0\u001b[39m }","timestamp":1773847881334}
{"id":737,"type":"info","level":2,"name":"stock-monitor","meta":{},"content":"发送数据: { unitPrice: \u001b[33m2.7535\u001b[39m, totalStock: \u001b[33m1306\u001b[39m, personalStock: \u001b[33m0\u001b[39m, totalMoney: \u001b[33m3596.1069\u001b[39m, personalMoney: \u001b[33m0\u001b[39m }","timestamp":1773847955103}
{"id":739,"type":"info","level":2,"name":"stock-monitor","meta":{},"content":"发送数据: { unitPrice: \u001b[33m5.039\u001b[39m, totalStock: \u001b[33m1276\u001b[39m, personalStock: \u001b[33m0\u001b[39m, totalMoney: \u001b[33m6429.7069\u001b[39m, personalMoney: \u001b[33m0\u001b[39m }","timestamp":1773848073496}
{"id":741,"type":"info","level":2,"name":"stock-monitor","meta":{},"content":"发送数据: { unitPrice: \u001b[33m5.946\u001b[39m, totalStock: \u001b[33m1566\u001b[39m, personalStock: \u001b[33m0\u001b[39m, totalMoney: \u001b[33m9311.3846\u001b[39m, personalMoney: \u001b[33m0\u001b[39m }","timestamp":1773848194005}
{"id":743,"type":"info","level":2,"name":"stock-monitor","meta":{},"content":"发送数据: { unitPrice: \u001b[33m7.0757\u001b[39m, totalStock: \u001b[33m1514\u001b[39m, personalStock: \u001b[33m0\u001b[39m, totalMoney: \u001b[33m10712.6112\u001b[39m, personalMoney: \u001b[33m0\u001b[39m }","timestamp":1773848314132}
{"id":751,"type":"info","level":2,"name":"stock-monitor","meta":{},"content":"发送数据: { unitPrice: \u001b[33m6.1559\u001b[39m, totalStock: \u001b[33m1506\u001b[39m, personalStock: \u001b[33m0\u001b[39m, totalMoney: \u001b[33m9270.7249\u001b[39m, personalMoney: \u001b[33m0\u001b[39m }","timestamp":1773848434666}
{"id":753,"type":"info","level":2,"name":"stock-monitor","meta":{},"content":"发送数据: { unitPrice: \u001b[33m2.7086\u001b[39m, totalStock: \u001b[33m1258\u001b[39m, personalStock: \u001b[33m0\u001b[39m, totalMoney: \u001b[33m3407.3915\u001b[39m, personalMoney: \u001b[33m0\u001b[39m }","timestamp":1773848554976}
{"id":767,"type":"info","level":2,"name":"stock-monitor","meta":{},"content":"发送数据: { unitPrice: \u001b[33m4.7129\u001b[39m, totalStock: \u001b[33m1258\u001b[39m, personalStock: \u001b[33m0\u001b[39m, totalMoney: \u001b[33m5928.8613\u001b[39m, personalMoney: \u001b[33m0\u001b[39m }","timestamp":1773848675776}
{"id":768,"type":"info","level":2,"name":"stock-monitor","meta":{},"content":"发送数据: { unitPrice: \u001b[33m4.7129\u001b[39m, totalStock: \u001b[33m1369\u001b[39m, personalStock: \u001b[33m0\u001b[39m, totalMoney: \u001b[33m6451.9961\u001b[39m, personalMoney: \u001b[33m0\u001b[39m }","timestamp":1773848757778}
{"id":770,"type":"info","level":2,"name":"stock-monitor","meta":{},"content":"发送数据: { unitPrice: \u001b[33m2.7806\u001b[39m, totalStock: \u001b[33m1369\u001b[39m, personalStock: \u001b[33m0\u001b[39m, totalMoney: \u001b[33m3806.6777\u001b[39m, personalMoney: \u001b[33m0\u001b[39m }","timestamp":1773848794445}
{"id":771,"type":"info","level":2,"name":"stock-monitor","meta":{},"content":"发送数据: { unitPrice: \u001b[33m2.7806\u001b[39m, totalStock: \u001b[33m1258\u001b[39m, personalStock: \u001b[33m0\u001b[39m, totalMoney: \u001b[33m3498.0281\u001b[39m, personalMoney: \u001b[33m0\u001b[39m }","timestamp":1773848906683}
{"id":773,"type":"info","level":2,"name":"stock-monitor","meta":{},"content":"发送数据: { unitPrice: \u001b[33m3.9485\u001b[39m, totalStock: \u001b[33m1258\u001b[39m, personalStock: \u001b[33m0\u001b[39m, totalMoney: \u001b[33m4967.2\u001b[39m, personalMoney: \u001b[33m0\u001b[39m }","timestamp":1773848913894}
{"id":775,"type":"info","level":2,"name":"stock-monitor","meta":{},"content":"发送数据: { unitPrice: \u001b[33m5.5279\u001b[39m, totalStock: \u001b[33m1636\u001b[39m, personalStock: \u001b[33m0\u001b[39m, totalMoney: \u001b[33m9043.6207\u001b[39m, personalMoney: \u001b[33m0\u001b[39m }","timestamp":1773849035828}
{"id":783,"type":"info","level":2,"name":"stock-monitor","meta":{},"content":"发送数据: { unitPrice: \u001b[33m2.6534\u001b[39m, totalStock: \u001b[33m1369\u001b[39m, personalStock: \u001b[33m0\u001b[39m, totalMoney: \u001b[33m3632.4841\u001b[39m, personalMoney: \u001b[33m0\u001b[39m }","timestamp":1773849154417}
{"id":791,"type":"info","level":2,"name":"stock-monitor","meta":{},"content":"发送数据: { unitPrice: \u001b[33m1.5655\u001b[39m, totalStock: \u001b[33m1879\u001b[39m, personalStock: \u001b[33m0\u001b[39m, totalMoney: \u001b[33m2941.5692\u001b[39m, personalMoney: \u001b[33m0\u001b[39m }","timestamp":1773849275123}
{"id":793,"type":"info","level":2,"name":"stock-monitor","meta":{},"content":"发送数据: { unitPrice: \u001b[33m1.1272\u001b[39m, totalStock: \u001b[33m1499\u001b[39m, personalStock: \u001b[33m0\u001b[39m, totalMoney: \u001b[33m1689.6098\u001b[39m, personalMoney: \u001b[33m0\u001b[39m }","timestamp":1773849394683}
{"id":795,"type":"info","level":2,"name":"stock-monitor","meta":{},"content":"发送数据: { unitPrice: \u001b[33m1.578\u001b[39m, totalStock: \u001b[33m2151\u001b[39m, personalStock: \u001b[33m0\u001b[39m, totalMoney: \u001b[33m3394.3235\u001b[39m, personalMoney: \u001b[33m0\u001b[39m }","timestamp":1773849515179}
{"id":797,"type":"info","level":2,"name":"stock-monitor","meta":{},"content":"发送数据: { unitPrice: \u001b[33m2.1461\u001b[39m, totalStock: \u001b[33m1367\u001b[39m, personalStock: \u001b[33m0\u001b[39m, totalMoney: \u001b[33m2933.7307\u001b[39m, personalMoney: \u001b[33m0\u001b[39m }","timestamp":1773849632414}
{"id":798,"type":"info","level":2,"name":"stock-monitor","meta":{},"content":"发送数据: { unitPrice: \u001b[33m2.1461\u001b[39m, totalStock: \u001b[33m1678\u001b[39m, personalStock: \u001b[33m0\u001b[39m, totalMoney: \u001b[33m3601.1705\u001b[39m, personalMoney: \u001b[33m0\u001b[39m }","timestamp":1773849734009}
{"id":801,"type":"info","level":2,"name":"stock-monitor","meta":{},"content":"发送数据: { unitPrice: \u001b[33m1.5667\u001b[39m, totalStock: \u001b[33m1478\u001b[39m, personalStock: \u001b[33m0\u001b[39m, totalMoney: \u001b[33m2315.5226\u001b[39m, personalMoney: \u001b[33m0\u001b[39m }","timestamp":1773849874387}
{"id":802,"type":"info","level":2,"name":"stock-monitor","meta":{},"content":"发送数据: { unitPrice: \u001b[33m1.5667\u001b[39m, totalStock: \u001b[33m1317\u001b[39m, personalStock: \u001b[33m0\u001b[39m, totalMoney: \u001b[33m2063.2904\u001b[39m, personalMoney: \u001b[33m0\u001b[39m }","timestamp":1773849906852}
{"id":804,"type":"info","level":2,"name":"stock-monitor","meta":{},"content":"发送数据: { unitPrice: \u001b[33m2.585\u001b[39m, totalStock: \u001b[33m1280\u001b[39m, personalStock: \u001b[33m0\u001b[39m, totalMoney: \u001b[33m3308.7846\u001b[39m, personalMoney: \u001b[33m0\u001b[39m }","timestamp":1773849993657}
{"id":806,"type":"info","level":2,"name":"stock-monitor","meta":{},"content":"发送数据: { unitPrice: \u001b[33m0.7496\u001b[39m, totalStock: \u001b[33m1532\u001b[39m, personalStock: \u001b[33m0\u001b[39m, totalMoney: \u001b[33m1148.4585\u001b[39m, personalMoney: \u001b[33m0\u001b[39m }","timestamp":1773850113860}
{"id":808,"type":"info","level":2,"name":"stock-monitor","meta":{},"content":"发送数据: { unitPrice: \u001b[33m0.1628\u001b[39m, totalStock: \u001b[33m1295\u001b[39m, personalStock: \u001b[33m0\u001b[39m, totalMoney: \u001b[33m210.7922\u001b[39m, personalMoney: \u001b[33m0\u001b[39m }","timestamp":1773850233248}
{"id":810,"type":"info","level":2,"name":"stock-monitor","meta":{},"content":"发送数据: { unitPrice: \u001b[33m0.2996\u001b[39m, totalStock: \u001b[33m5921\u001b[39m, personalStock: \u001b[33m0\u001b[39m, totalMoney: \u001b[33m1773.7845\u001b[39m, personalMoney: \u001b[33m0\u001b[39m }","timestamp":1773850353637}
{"id":812,"type":"info","level":2,"name":"stock-monitor","meta":{},"content":"发送数据: { unitPrice: \u001b[33m0.6771\u001b[39m, totalStock: \u001b[33m2437\u001b[39m, personalStock: \u001b[33m0\u001b[39m, totalMoney: \u001b[33m1650.0646\u001b[39m, personalMoney: \u001b[33m0\u001b[39m }","timestamp":1773850473512}
{"id":814,"type":"info","level":2,"name":"stock-monitor","meta":{},"content":"发送数据: { unitPrice: \u001b[33m1.3203\u001b[39m, totalStock: \u001b[33m4645\u001b[39m, personalStock: \u001b[33m0\u001b[39m, totalMoney: \u001b[33m6132.8982\u001b[39m, personalMoney: \u001b[33m0\u001b[39m }","timestamp":1773850593664}
{"id":816,"type":"info","level":2,"name":"stock-monitor","meta":{},"content":"发送数据: { unitPrice: \u001b[33m2.3634\u001b[39m, totalStock: \u001b[33m1272\u001b[39m, personalStock: \u001b[33m0\u001b[39m, totalMoney: \u001b[33m3006.216\u001b[39m, personalMoney: \u001b[33m0\u001b[39m }","timestamp":1773850713769}
{"id":818,"type":"info","level":2,"name":"stock-monitor","meta":{},"content":"发送数据: { unitPrice: \u001b[33m2.1034\u001b[39m, totalStock: \u001b[33m1368\u001b[39m, personalStock: \u001b[33m0\u001b[39m, totalMoney: \u001b[33m2877.4592\u001b[39m, personalMoney: \u001b[33m0\u001b[39m }","timestamp":1773850834769}
{"id":819,"type":"info","level":2,"name":"stock-monitor","meta":{},"content":"发送数据: { unitPrice: \u001b[33m2.1034\u001b[39m, totalStock: \u001b[33m1378\u001b[39m, personalStock: \u001b[33m0\u001b[39m, totalMoney: \u001b[33m2898.4933\u001b[39m, personalMoney: \u001b[33m0\u001b[39m }","timestamp":1773850915396}
{"id":821,"type":"info","level":2,"name":"stock-monitor","meta":{},"content":"发送数据: { unitPrice: \u001b[33m0.8834\u001b[39m, totalStock: \u001b[33m1388\u001b[39m, personalStock: \u001b[33m0\u001b[39m, totalMoney: \u001b[33m1226.2015\u001b[39m, personalMoney: \u001b[33m0\u001b[39m }","timestamp":1773850954000}
{"id":834,"type":"info","level":2,"name":"stock-monitor","meta":{},"content":"发送数据: { unitPrice: \u001b[33m1.0336\u001b[39m, totalStock: \u001b[33m1378\u001b[39m, personalStock: \u001b[33m0\u001b[39m, totalMoney: \u001b[33m1424.3196\u001b[39m, personalMoney: \u001b[33m0\u001b[39m }","timestamp":1773851075763}
{"id":842,"type":"info","level":2,"name":"stock-monitor","meta":{},"content":"发送数据: { unitPrice: \u001b[33m1.2507\u001b[39m, totalStock: \u001b[33m1378\u001b[39m, personalStock: \u001b[33m0\u001b[39m, totalMoney: \u001b[33m1723.4267\u001b[39m, personalMoney: \u001b[33m0\u001b[39m }","timestamp":1773851194417}
{"id":844,"type":"info","level":2,"name":"stock-monitor","meta":{},"content":"发送数据: { unitPrice: \u001b[33m0.3877\u001b[39m, totalStock: \u001b[33m1268\u001b[39m, personalStock: \u001b[33m0\u001b[39m, totalMoney: \u001b[33m491.6143\u001b[39m, personalMoney: \u001b[33m0\u001b[39m }","timestamp":1773851314249}
{"id":846,"type":"info","level":2,"name":"stock-monitor","meta":{},"content":"发送数据: { unitPrice: \u001b[33m0.4933\u001b[39m, totalStock: \u001b[33m2368\u001b[39m, personalStock: \u001b[33m0\u001b[39m, totalMoney: \u001b[33m1168.0937\u001b[39m, personalMoney: \u001b[33m0\u001b[39m }","timestamp":1773851434535}
{"id":847,"type":"info","level":2,"name":"stock-monitor","meta":{},"content":"发送数据: { unitPrice: \u001b[33m0.4933\u001b[39m, totalStock: \u001b[33m1268\u001b[39m, personalStock: \u001b[33m0\u001b[39m, totalMoney: \u001b[33m625.4826\u001b[39m, personalMoney: \u001b[33m0\u001b[39m }","timestamp":1773851499215}
{"id":850,"type":"info","level":2,"name":"stock-monitor","meta":{},"content":"发送数据: { unitPrice: \u001b[33m0.6116\u001b[39m, totalStock: \u001b[33m1268\u001b[39m, personalStock: \u001b[33m0\u001b[39m, totalMoney: \u001b[33m775.4826\u001b[39m, personalMoney: \u001b[33m0\u001b[39m }","timestamp":1773851673944}
{"id":852,"type":"info","level":2,"name":"stock-monitor","meta":{},"content":"发送数据: { unitPrice: \u001b[33m0.4196\u001b[39m, totalStock: \u001b[33m1302\u001b[39m, personalStock: \u001b[33m0\u001b[39m, totalMoney: \u001b[33m546.2763\u001b[39m, personalMoney: \u001b[33m0\u001b[39m }","timestamp":1773851795142}
{"id":854,"type":"info","level":2,"name":"stock-monitor","meta":{},"content":"发送数据: { unitPrice: \u001b[33m0.7133\u001b[39m, totalStock: \u001b[33m2422\u001b[39m, personalStock: \u001b[33m0\u001b[39m, totalMoney: \u001b[33m1727.5253\u001b[39m, personalMoney: \u001b[33m0\u001b[39m }","timestamp":1773851916751}
{"id":869,"type":"info","level":2,"name":"stock-monitor","meta":{},"content":"发送数据: { unitPrice: \u001b[33m1.0842\u001b[39m, totalStock: \u001b[33m1696\u001b[39m, personalStock: \u001b[33m0\u001b[39m, totalMoney: \u001b[33m1838.7375\u001b[39m, personalMoney: \u001b[33m0\u001b[39m }","timestamp":1773852036088}
{"id":871,"type":"info","level":2,"name":"stock-monitor","meta":{},"content":"发送数据: { unitPrice: \u001b[33m0.4987\u001b[39m, totalStock: \u001b[33m1278\u001b[39m, personalStock: \u001b[33m0\u001b[39m, totalMoney: \u001b[33m637.3567\u001b[39m, personalMoney: \u001b[33m0\u001b[39m }","timestamp":1773852154658}
{"id":882,"type":"info","level":2,"name":"stock-monitor","meta":{},"content":"发送数据: { unitPrice: \u001b[33m1\u001b[39m, totalStock: \u001b[33m1000\u001b[39m, personalStock: \u001b[33m0\u001b[39m, totalMoney: \u001b[33m1000\u001b[39m, personalMoney: \u001b[33m0\u001b[39m }","timestamp":1773852275622}
{"id":883,"type":"info","level":2,"name":"stock-monitor","meta":{},"content":"发送数据: { unitPrice: \u001b[33m1\u001b[39m, totalStock: \u001b[33m1960\u001b[39m, personalStock: \u001b[33m0\u001b[39m, totalMoney: \u001b[33m1960\u001b[39m, personalMoney: \u001b[33m0\u001b[39m }","timestamp":1773852330297}
{"id":888,"type":"info","level":2,"name":"stock-monitor","meta":{},"content":"发送数据: { unitPrice: \u001b[33m1.22\u001b[39m, totalStock: \u001b[33m2060\u001b[39m, personalStock: \u001b[33m0\u001b[39m, totalMoney: \u001b[33m2513.2\u001b[39m, personalMoney: \u001b[33m0\u001b[39m }","timestamp":1773852395014}
{"id":890,"type":"info","level":2,"name":"stock-monitor","meta":{},"content":"发送数据: { unitPrice: \u001b[33m1.586\u001b[39m, totalStock: \u001b[33m1301\u001b[39m, personalStock: \u001b[33m0\u001b[39m, totalMoney: \u001b[33m2063.386\u001b[39m, personalMoney: \u001b[33m0\u001b[39m }","timestamp":1773852514832}
{"id":892,"type":"info","level":2,"name":"stock-monitor","meta":{},"content":"发送数据: { unitPrice: \u001b[33m2.8231\u001b[39m, totalStock: \u001b[33m1258\u001b[39m, personalStock: \u001b[33m0\u001b[39m, totalMoney: \u001b[33m3551.4346\u001b[39m, personalMoney: \u001b[33m0\u001b[39m }","timestamp":1773852635404}
{"id":915,"type":"info","level":2,"name":"stock-monitor","meta":{},"content":"发送数据: { unitPrice: \u001b[33m4.5734\u001b[39m, totalStock: \u001b[33m1605\u001b[39m, personalStock: \u001b[33m0\u001b[39m, totalMoney: \u001b[33m7340.2903\u001b[39m, personalMoney: \u001b[33m0\u001b[39m }","timestamp":1773852756932}
{"id":916,"type":"warn","level":2,"name":"DEV:adapter-iirose","meta":{},"content":"获取或转换图片失败: http://s.iirose.com/images/icon/cartoon/601433.jpg HTTPError: fetch http://s.iirose.com/images/icon/cartoon/601433.jpg failed at \u001b[90mE:\\Desktop\\test\\koishiBot\\koishiBot\\\u001b[39mnode_modules\\\u001b[4m@cordisjs\u001b[24m\\plugin-http\\lib\\index.cjs:327:23 \u001b[90m    at process.processTicksAndRejections (node:internal/process/task_queues:95:5)\u001b[39m \u001b[90m    ... 3 lines matching cause stack trace ...\u001b[39m at async \u001b[90mE:\\Desktop\\test\\koishiBot\\koishiBot\\\u001b[39mnode_modules\\\u001b[4mkoishi-plugin-adapter-iirose\u001b[24m\\lib\\index.js:1126:29 { response: \u001b[90mundefined\u001b[39m, code: \u001b[90mundefined\u001b[39m, cause: TypeError: fetch failed \u001b[90m    at Object.fetch (node:internal/deps/undici/undici:11118:11)\u001b[39m \u001b[90m    at process.processTicksAndRejections (node:internal/process/task_queues:95:5)\u001b[39m at async [cordis.invoke] \u001b[90m(E:\\Desktop\\test\\koishiBot\\koishiBot\\\u001b[39mnode_modules\\\u001b[4m@cordisjs\u001b[24m\\plugin-http\\lib\\index.cjs:325:19\u001b[90m)\u001b[39m at async Proxy.file \u001b[90m(E:\\Desktop\\test\\koishiBot\\koishiBot\\\u001b[39mnode_modules\\\u001b[4m@cordisjs\u001b[24m\\plugin-http\\lib\\index.cjs:410:49\u001b[90m)\u001b[39m at async getImageAsBase64 \u001b[90m(E:\\Desktop\\test\\koishiBot\\koishiBot\\\u001b[39mnode_modules\\\u001b[4mkoishi-plugin-adapter-iirose\u001b[24m\\lib\\index.js:313:28\u001b[90m)\u001b[39m at async \u001b[90mE:\\Desktop\\test\\koishiBot\\koishiBot\\\u001b[39mnode_modules\\\u001b[4mkoishi-plugin-adapter-iirose\u001b[24m\\lib\\index.js:1126:29 { cause: ConnectTimeoutError: Connect Timeout Error at onConnectTimeout \u001b[90m(E:\\Desktop\\test\\koishiBot\\koishiBot\\\u001b[39mnode_modules\\\u001b[4mundici\u001b[24m\\lib\\core\\connect.js:190:24\u001b[90m)\u001b[39m at \u001b[90mE:\\Desktop\\test\\koishiBot\\koishiBot\\\u001b[39mnode_modules\\\u001b[4mundici\u001b[24m\\lib\\core\\connect.js:133:46 at Immediate._onImmediate \u001b[90m(E:\\Desktop\\test\\koishiBot\\koishiBot\\\u001b[39mnode_modules\\\u001b[4mundici\u001b[24m\\lib\\core\\connect.js:172:33\u001b[90m)\u001b[39m \u001b[90m    at process.processImmediate (node:internal/timers:471:21)\u001b[39m { code: \u001b[32m'UND_ERR_CONNECT_TIMEOUT'\u001b[39m } }, [\u001b[32mSymbol(cordis.http.error)\u001b[39m]: \u001b[33mtrue\u001b[39m }","timestamp":1773852766836}
{"id":918,"type":"info","level":2,"name":"stock-monitor","meta":{},"content":"发送数据: { unitPrice: \u001b[33m6.5399\u001b[39m, totalStock: \u001b[33m1456\u001b[39m, personalStock: \u001b[33m0\u001b[39m, totalMoney: \u001b[33m9522.163\u001b[39m, personalMoney: \u001b[33m0\u001b[39m }","timestamp":1773852875380}
{"id":920,"type":"info","level":2,"name":"stock-monitor","meta":{},"content":"发送数据: { unitPrice: \u001b[33m0.7848\u001b[39m, totalStock: \u001b[33m1376\u001b[39m, personalStock: \u001b[33m0\u001b[39m, totalMoney: \u001b[33m1079.8761\u001b[39m, personalMoney: \u001b[33m0\u001b[39m }","timestamp":1773852995284}
